Assay.ID,Gene,Target.Control,T1D_MZ4_25d,T1D_DS3_31d,T1D_DS7_38d,T1D_DS8_31d,T1D_DS9_38d,T1D_MZ4_32d,T1D_DS3_38d,T1D_DS7_73d,T1D_DS8_70d,T1D_DS9_84d,T1D_MZ4_39d,T1D_DS3_52d,T1D_DS7_98d,T1D_DS8_84d,T1D_DS9_91d
Mm00607939_s1,Actb,Endogenous Control,15.833,13.7822,13.0453,13.1402,13.1796,14.016,15.1755,13.0922,13.0866,12.9915,13.212,13.314,13.0353,13.1826,13.1554
Mm00437762_m1,B2m,Endogenous Control,14.291,13.202,12.4449,12.6979,12.5799,13.275,14.5853,12.5301,12.7928,12.7,12.347,12.8235,12.5328,12.7613,12.7697
Mm00432448_m1,Cdkn1a,Endogenous Control,20.392,18.9137,18.8393,18.5721,18.7442,18.67,20.5807,18.4463,18.7012,18.9806,18.225,18.7711,18.5306,18.8389,18.8213
Mm99999915_g1,Gapdh,Endogenous Control,16.425,15.0024,14.7738,14.7599,14.8293,14.956,13.7699,14.5648,15.0485,14.9349,15.056,15.2507,14.8491,15.0321,14.5662
Mm00446953_m1,Gusb,Endogenous Control,18.806,16.7004,16.0751,15.8846,16.3762,16.756,20.1331,16.5712,16.2913,16.6196,15.845,16.3448,15.9755,16.3919,16.6272
Mm00660262_g1,Hmbs,Endogenous Control,23.213,21.8033,21.5362,21.3415,21.5791,21.968,22.2566,21.143,21.4086,21.8343,21.27,21.5511,21.2678,21.6362,21.7527
Mm00446968_m1,Hprt1,Endogenous Control,21.207,19.6395,19.1036,19.2642,19.4769,19.217,20.5677,19.2406,19.2395,19.2979,18.495,19.4407,18.6213,19.2933,19.4967
Mm01255158_m1,Ipo8,Endogenous Control,23.381,21.5415,20.7429,20.7178,21.0593,21.403,22.312,20.7673,21.1586,21.0679,20.82,21.382,20.8265,21.0791,21.1534
Mm00435617_m1,Pgk1,Endogenous Control,19.306,17.9309,17.3795,17.3974,17.0752,17.782,18.0529,17.4297,17.8336,17.1983,17.542,17.8718,17.3007,17.7908,16.7386
Mm00839493_m1,Polr2a,Endogenous Control,20.275,18.6761,18.6898,18.6906,18.6649,18.898,19.7763,18.3444,18.3033,18.279,18.155,18.5316,18.057,18.3959,18.6306
Mm02342430_g1,Ppia,Endogenous Control,17.324,15.9409,15.6047,15.4044,15.5481,16.158,17.3096,15.4984,15.7058,15.8335,15.675,15.5812,15.5016,15.8336,15.8973
Mm00782638_s1,Rplp2,Endogenous Control,27.928,26.2086,25.6051,25.5315,26.024,25.765,27.4537,24.9228,25.7836,25.9982,25.06,26.2054,25.0994,25.9916,26.1075
Mm00446973_m1,Tbp,Endogenous Control,23.324,21.3827,21.2167,21.4496,21.3065,21.355,22.3441,21.0764,21.216,21.6427,20.974,21.409,20.8997,21.3149,21.5268
Mm00441941_m1,Tfrc,Endogenous Control,21.057,19.7732,18.6242,18.8124,19.2188,19.671,21.3599,18.2057,18.7688,19.6602,18.23,18.6741,18.8377,19.1227,20.1697
Mm01201237_m1,Ubc,Endogenous Control,18.943,16.6803,16.7348,16.8735,16.6716,17.38,17.6229,16.5295,16.7002,16.7786,16.536,16.7486,16.5295,16.6953,16.7987
Mm01158417_g1,Ywhaz,Endogenous Control,21.486,18.2738,17.9318,17.6044,17.6859,24.063,19.814,17.7082,17.8339,17.7936,17.302,17.9651,17.681,17.858,17.614
Mm00481784_m1,5730403B10Rik,Target,24.519,22.1922,21.8491,21.7322,21.8151,22.288,21.4867,21.2459,21.7653,21.3326,21.247,21.5668,21.2702,21.3328,21.7015
Mm00558642_m1,A2m,Target,23.873,NA,22.9916,24.1012,24.7253,23.768,27.2659,25.1514,25.7338,25.5431,24.154,24.1334,25.6233,25.6757,25.3303
Mm00440761_m1,Abcb1a,Target,25.129,23.8485,24.2811,23.7853,23.5678,23.837,22.7287,23.6947,23.1192,23.7439,22.919,23.5127,24.1913,23.3192,23.316
Mm01275245_m1,Abcf1,Target,22.664,20.6242,19.9584,19.8977,20.0473,20.708,20.78,19.7316,19.9647,19.8257,19.678,20.1846,19.4535,19.8763,20.3597
Mm01331069_m1,Acvr1,Target,22.881,20.8323,20.8112,20.783,20.8409,21.091,21.6968,20.5611,20.7408,20.6859,20.797,20.6149,20.6178,20.8892,20.8266
Mm00431664_m1,Acvr2b,Target,27.802,NA,24.9055,24.6393,NA,25.421,NA,24.2108,24.8168,25.0141,23.76,NA,24.2723,24.9598,24.7144
Mm00437432_m1,Acvrl1,Target,22.584,20.8181,20.1591,20.4801,20.3531,20.841,21.5987,20.4576,20.2927,19.8082,20.748,20.5574,19.8698,20.1957,19.6026
Mm00456425_m1,Adipoq,Target,23.007,24.7411,23.8244,23.3001,21.4602,24.747,17.1533,19.1993,19.7604,22.4389,18.681,20.6326,19.455,17.4259,20.2233
Mm01308023_m1,Adora1,Target,NA,28.1793,28.8929,30.0002,27.2078,29.064,23.7237,25.906,26.161,28.56,24.327,26.381,25.8365,23.6484,26.2493
Mm00802075_m1,Adora2a,Target,27.921,25.8834,25.8396,25.4796,24.5949,25.37,25.5519,25.1786,24.6617,24.3358,24.154,25.3087,25.2586,25.2857,24.6241
Mm00802076_m1,Adora3,Target,28.241,27.2915,27.7461,27.6869,26.9588,27.012,27.4939,26.8095,27.9173,27.4606,26.618,26.7546,26.7347,27.033,26.8228
Mm02524224_s1,Adrb2,Target,25.945,23.9761,22.8948,23.2144,23.782,23.444,22.8339,22.5822,23.2844,22.938,23.04,23.8316,22.5928,22.8995,23.3324
Mm00525039_m1,Afap1l2,Target,26.818,24.5576,23.7106,23.7426,23.7899,23.775,23.5753,23.1821,23.9506,24.2996,22.831,23.4709,24.1587,23.7793,24.0486
Mm00479862_g1,Aif1,Target,22.986,20.9446,20.7723,21.0811,20.3622,21.255,22.4063,20.5929,20.6275,20.5968,20.054,20.6975,20.6234,21.0078,20.8394
Mm00433034_m1,Aimp1,Target,21.334,20.5753,19.8957,19.8248,19.7414,20.168,19.8864,19.7917,19.8051,20.0076,19.707,20.166,19.8138,20.1044,19.9787
Mm01320868_m1,Aimp1,Target,22.145,21.2938,20.9118,21.2469,21.366,21.579,21.314,20.839,21.3467,21.221,21.314,21.1951,20.8673,21.0422,21.23
Mm01331626_m1,Akt1,Target,21.344,19.1367,19.206,19.178,18.9659,19.481,20.5146,19.4149,19.1365,18.9014,18.673,18.9018,19.218,19.1934,19.0459
Mm00507789_m1,Alox15,Target,28.765,27.9255,28.7929,30.0009,22.7085,25.784,27.0509,25.7443,25.8052,23.9122,23.888,26.0722,27.3977,26.5873,23.5276
Mm01182743_m1,Alox5,Target,24.387,22.6608,22.4181,22.1105,22.7575,22.391,23.1948,22.458,22.2004,22.0078,21.793,22.5666,21.8077,22.2003,22.1374
Mm01182748_m1,Alox5,Target,24.025,23.5986,23.0161,22.687,23.3524,22.38,24.8134,22.7534,22.6586,22.8096,22.077,23.4506,22.6322,22.9342,22.7873
Mm01182750_m1,Alox5,Target,24.828,24.1234,23.8514,23.4928,24.2632,23.562,24.8744,23.8593,23.6435,23.6053,22.623,24.3505,23.335,23.6741,23.5507
Mm01182740_g1,Alox5,Target,25.094,23.2203,22.7353,22.4855,22.7927,23.576,23.545,22.4515,22.6278,22.2025,23.09,23.0803,21.7618,22.6966,22.5771
Mm01182747_m1,Alox5,Target,25.562,23.6173,22.9984,22.7483,23.0227,23.833,24.2818,23.143,23.229,22.7582,23.088,22.8508,22.4755,23.257,22.8318
Mm01182749_m1,Alox5,Target,25.963,24.0042,23.7689,24.1124,23.4977,23.668,24.8875,23.6459,23.7671,23.7787,23.047,24.0198,23.2331,23.9124,23.4551
Mm00802100_m1,Alox5ap,Target,21.153,19.7895,19.6587,19.5852,19.5217,19.641,21.7269,20.1969,20.2211,19.3255,19.613,20.2036,19.7754,20.0024,19.4783
Mm00440225_m1,Anxa1,Target,16.721,15.0879,14.4476,14.4821,15.5772,15.42,17.5391,14.7873,14.6475,14.7277,14.752,14.7124,14.2454,14.5905,14.6638
Mm00600104_m1,Aoah,Target,22.834,21.2875,20.7864,20.922,20.8801,21.024,22.5676,21.5216,21.1692,20.8392,20.464,20.9606,21.0841,21.2622,20.8072
Mm00839624_m1,Aoc3,Target,23.769,22.17,22.024,21.6951,21.7893,22.243,20.1508,20.9689,21.828,21.8576,20.711,21.7747,21.4986,20.2839,21.7576
Mm00437475_m1,Aox1,Target,25.461,23.8661,23.6599,23.856,24.1918,23.593,22.2722,22.476,23.2886,23.6748,22.678,23.7344,22.613,22.5765,23.2847
Mm00488099_g1,Apcs,Target,NA,NA,NA,NA,NA,NA,NA,NA,NA,NA,NA,NA,NA,NA,NA
Mm00437568_g1,Apoa1,Target,NA,NA,NA,30.4557,30.4935,29.086,30.2785,NA,NA,29.3699,30.262,NA,NA,NA,NA
Mm00437569_m1,Apoa1,Target,NA,NA,NA,30.2066,NA,NA,NA,30.2374,NA,30.4239,29.358,30.5405,30.9938,NA,24.4296
Mm00431814_m1,Apoa4,Target,NA,NA,NA,NA,NA,NA,NA,NA,NA,NA,NA,NA,NA,NA,NA
Mm00437573_m1,Apoe,Target,17.028,14.7448,14.2288,14.8116,14.2529,15.532,15.5274,14.4404,13.9423,13.5578,14.663,14.5747,14.2999,13.9122,13.6943
Mm00437583_m1,Areg,Target,NA,29.695,28.613,29.3147,27.3414,28.577,23.3652,26.4758,28.2335,28.7627,26.498,28.3927,NA,NA,28.6041
Mm00437746_m1,Atrn,Target,23.625,15.298,21.1357,21.106,21.3095,21.532,21.9451,20.7705,21.0731,21.3803,20.81,21.2047,20.8916,20.9398,21.132
Mm00437221_m1,Axl,Target,21.295,19.5788,18.9999,19.3727,18.8255,19.006,19.4423,18.5801,18.9323,19.1696,18.374,18.8824,18.635,18.8875,18.9363
Mm00480752_m1,B4galt1,Target,20.781,18.6691,18.1097,18.1946,18.5571,18.584,19.684,18.0948,18.353,18.0348,18.038,18.311,17.8908,18.4002,18.1991
Mm00432042_m1,Bad,Target,23.679,21.6159,21.0387,20.7684,21.2124,21.589,22.5192,20.82,20.823,21.0066,20.768,21.1833,20.8587,20.8792,21.3437
Mm00784755_s1,Bcl10,Target,22.205,20.5346,19.7557,19.7686,19.8153,20.34,21.269,19.4602,19.6632,19.4433,19.5,19.7393,19.3333,19.7211,19.714
Mm00477633_m1,Bcl6,Target,22.87,21.1184,20.6196,20.3993,20.1333,20.808,20.8221,19.7893,20.3126,20.3988,19.803,20.3966,20.1824,20.2934,20.0938
Mm04207315_s1,Bdkrb1,Target,26.788,24.9325,24.8302,24.5716,24.3608,23.615,26.7886,24.4819,24.4608,24.4635,23.246,23.6825,23.7712,25.271,24.5563
Mm00437788_s1,Bdkrb2,Target,27.458,26.0017,25.6228,24.9831,25.2065,25.797,27.4741,24.5328,25.3412,25.3465,25.005,25.8664,24.7694,25.4769,25.4433
Mm01197846_m1,Blnk,Target,21.675,20.0239,19.6254,19.2559,19.4827,20.584,22.9054,20.0183,19.7444,19.5532,19.396,19.6825,19.488,19.7695,19.7565
Mm00802225_m1,Bmp1,Target,22.233,20.0091,19.7647,19.4542,19.7659,19.502,20.4537,19.1528,19.7691,19.6749,18.887,19.4768,19.3296,20.1157,20.1199
Mm01183889_m1,Bmp10,Target,NA,NA,NA,30.2499,NA,NA,35.0838,NA,NA,NA,NA,NA,NA,NA,NA
Mm00437797_m1,Bmp15,Target,NA,28.5297,NA,28.7108,30.1787,28.325,29.3482,28.2072,29.5432,30.7136,NA,NA,29.4714,28.6024,NA
Mm01340178_m1,Bmp2,Target,26.054,26.013,25.6266,25.7949,25.1156,25.486,24.7076,24.7608,24.8375,24.753,24.339,25.2837,25.2746,24.8352,25.9072
Mm00557790_m1,Bmp3,Target,25.279,25.202,24.8805,24.3561,25.1188,24.024,22.8006,23.3146,24.1666,25.7097,23.782,24.2416,23.6279,23.5469,26.2535
Mm03024297_s1,Bmp3,Target,25.584,25.687,25.8806,24.7729,26.8019,24.346,22.8193,23.8904,25.0742,25.8763,24.772,24.6766,23.7729,24.2732,26.4385
Mm00432087_m1,Bmp4,Target,26.57,26.1943,26.6147,26.5466,26.824,25.792,24.6138,24.6632,25.7944,27.3789,25.758,25.8479,26.2369,25.4855,27.2981
Mm00432091_m1,Bmp5,Target,27.808,28.6046,29.3435,27.6409,26.9426,27.516,24.2739,23.9646,26.235,27.8317,28.048,27.2637,28.4135,26.2015,26.1169
Mm00432095_m1,Bmp6,Target,26.783,26.5428,25.8928,25.5427,26.77,25.287,24.3784,24.8253,25.4368,26.0705,26.143,26.5452,24.776,24.9305,25.7913
Mm01332882_m1,Bmp6,Target,27.34,26.3709,26.0854,25.4494,25.7899,25.282,24.2695,24.7442,25.8167,26.2905,24.723,24.975,24.7933,24.7572,25.1404
Mm00432101_m1,Bmp7,Target,26.764,26.8452,26.0187,26.3598,25.9354,24.759,24.6176,24.5693,24.9692,25.2571,23.728,26.6375,25.5858,25.7747,25.4972
Mm00432105_m1,Bmp7,Target,25.914,26.0043,27.6388,26.8032,25.6001,25.91,24.8801,25.0543,25.4382,25.5443,24.749,26.6766,26.7593,27.4368,26.3599
Mm00432102_m1,Bmp7,Target,26.144,NA,27.4726,27.3453,NA,25.861,NA,25.1218,26.4635,26.5204,24.259,NA,26.5341,27.4611,26.403
Mm00432109_m1,Bmp8a,Target,29.16,27.895,26.8353,27.5959,28.4571,27.227,30.6279,26.9807,26.7453,27.39,25.765,28.3098,26.3084,28.8242,26.8156
Mm00432115_g1,Bmp8b,Target,NA,NA,NA,NA,NA,NA,NA,NA,NA,29.327,NA,NA,NA,NA,NA
Mm00432117_m1,Bmpr1b,Target,26.755,25.7403,25.4278,24.9126,25.7287,24.937,24.7002,24.4891,24.9732,26.2615,26.749,24.8455,25.4187,26.7453,25.7422
Mm00513816_m1,Bre,Target,22.767,21.4305,20.8252,21.443,21.4716,21.164,22.261,21.1833,21.5129,21.1283,20.441,21.359,21.13,21.0415,21.4827
Mm00432142_m1,C1qa,Target,19.492,17.5143,17.2191,17.1674,16.7643,17.472,18.7651,17.3462,16.9177,16.7315,16.63,17.1897,17.185,17.3959,16.6925
Mm01179619_m1,C1qb,Target,20.473,17.7613,17.412,17.5801,17.166,18.306,19.0648,17.7204,17.2881,17.0829,17.486,17.6045,17.5345,17.4475,16.9329
Mm01193990_g1,C1qc,Target,20.057,18.7908,18.7081,18.662,18.0074,19.27,19.9896,19.0062,18.2786,17.9792,18.205,18.3977,18.5891,18.6536,18.015
Mm00619332_m1,C1rl,Target,26.814,24.8461,24.7513,23.7683,24.4875,24.234,24.7891,23.8263,23.9495,24.6571,24.021,24.5784,23.6673,24.2437,23.9874
Mm00663210_mH,C1s,Target,20.49,18.6827,18.5178,18.5386,18.497,18.63,18.7254,17.8046,18.2829,18.4326,18.056,18.2753,18.027,18.5157,18.7715
Mm00442726_m1,C2,Target,22.792,21.665,21.3463,21.0835,21.4021,21.356,21.7472,20.759,21.1569,21.152,20.387,21.0452,21.2859,21.2638,21.5792
Mm00437858_m1,C3,Target,19.272,18.3457,18.5644,18.5645,16.5385,17.47,16.8081,16.7304,17.5014,16.771,16.169,17.6104,17.5212,17.5208,16.7619
Mm01184110_m1,C3ar1,Target,18.077,16.7545,16.3546,16.8253,16.8141,17.039,20.2423,17.3915,16.7465,16.5242,16.692,16.8615,16.6418,16.6054,16.7562
Mm02620006_s1,C3ar1,Target,19.072,18.0253,17.0269,17.7926,17.8424,17.759,21.7029,18.1314,17.5436,16.9037,17.444,17.9974,17.0913,17.6157,17.7015
Mm00489521_m1,C6,Target,23.31,22.9464,22.7298,23.9717,23.0159,22.836,23.7593,21.2834,22.7428,21.2283,21.968,22.7161,22.1755,22.9619,23.4018
Mm00521625_m1,C8a,Target,NA,NA,NA,NA,NA,NA,NA,NA,NA,NA,NA,NA,NA,NA,NA
Mm00804806_m1,C8b,Target,NA,NA,NA,NA,NA,NA,NA,NA,NA,NA,NA,NA,NA,NA,NA
Mm01330461_g1,C8g,Target,28.839,27.8761,26.6002,26.8131,27.2417,30.433,27.166,27.4794,27.3212,27.3584,26.197,27.9236,27.1942,26.992,26.5907
Mm00442739_m1,C9,Target,NA,30.9937,NA,NA,NA,NA,NA,NA,NA,NA,NA,NA,NA,NA,NA
Mm00438285_m1,Camp,Target,28.556,27.836,29.7384,28.3249,27.7978,24.943,30.3288,26.5109,28.0809,28.1228,28.428,25.0282,29.0361,27.8527,NA
Mm00438023_m1,Casp1,Target,21.044,18.9796,18.8128,18.7899,18.7837,19.663,21.7991,18.8329,18.6769,18.8587,18.871,18.9185,18.6126,18.8163,18.8952
Mm00802247_m1,Casp8,Target,21.268,21.2322,20.5675,20.9191,21.1047,20.915,22.3125,20.9522,20.8282,21.0161,20.389,20.8186,20.6527,21.0008,21.416
Mm00483057_m1,Cav1,Target,19.823,18.6857,18.8148,18.3679,18.5265,17.773,17.7642,17.8227,18.8005,18.8056,17.906,17.9726,17.7981,17.95,18.9427
Mm00445551_m1,Ccbp2,Target,26.09,26.385,26.8258,25.5957,26.037,24.378,24.9949,25.468,25.2973,25.7539,24.623,25.9913,25.0811,24.4615,25.5675
Mm00441236_m1,Ccl1,Target,28.585,27.3458,26.9023,27.0293,25.7749,26.83,NA,26.8568,27.3147,25.9179,26.467,26.9767,25.7771,26.8808,26.8021
Mm00441238_m1,Ccl11,Target,20.892,20.5445,20.773,21.0033,19.271,18.892,19.3886,19.8505,19.7722,18.8409,18.785,19.7775,20.2152,19.717,18.8305
Mm00516136_m1,Ccl17,Target,27.72,23.9039,24.077,24.4532,19.5253,22.191,25.3444,24.6666,23.807,20.5753,21.508,23.9344,23.6514,24.5817,20.3135
Mm00839967_g1,Ccl19,Target,28.307,25.2552,25.7327,26.1385,24.891,26.602,23.4447,24.1862,24.3588,24.2123,24.056,25.2277,24.9281,24.6573,24.8373
Mm00441242_m1,Ccl2,Target,22.127,21.0797,20.6801,20.6354,20.5135,19.837,22.9572,21.0271,20.9866,21.2571,20.781,21.612,21.1647,21.8049,20.9444
Mm01268754_m1,Ccl20,Target,NA,28.9425,28.0834,28.6662,27.1853,27.69,NA,26.8059,27.8683,28.4759,26.837,28.1775,27.8253,29.7649,27.6742
Mm00436439_m1,Ccl22,Target,24.786,22.1846,22.3853,22.5484,19.7919,21.512,23.4768,22.4991,21.9566,20.8249,21.275,22.3858,21.9958,22.6389,20.4563
Mm00444701_m1,Ccl24,Target,23.451,22.6473,22.3564,22.1868,21.7496,21.13,21.8282,21.5311,21.7589,21.6166,21.345,21.8103,21.7683,22.2194,22.7614
Mm00436443_m1,Ccl25,Target,25.889,24.1379,23.7593,24.0647,23.7948,24.402,24.7242,22.9287,23.7219,24.7472,23.523,23.825,23.8063,24.0753,24.5169
Mm02763057_u1,Ccl26,Target,NA,NA,NA,NA,NA,NA,NA,NA,NA,NA,NA,NA,NA,NA,NA
Mm00445039_m1,Ccl28,Target,28.943,27.6735,26.6411,25.9605,27.8642,26.932,25.8052,26.4293,27.0633,26.8391,28.123,27.8428,26.6413,26.0764,27.6657
Mm00441258_m1,Ccl3,Target,21.554,21.264,21.2026,20.8642,20.9545,19.453,24.3102,20.437,21.7982,21.6652,19.313,20.8127,22.6468,21.8985,22.4615
Mm00443111_m1,Ccl4,Target,24.543,23.2778,22.9949,23.6315,22.2611,22.835,25.7622,NA,22.9933,22.9062,21.777,23.1226,23.2384,23.5553,23.1488
Mm01302427_m1,Ccl5,Target,24.828,22.5309,22.0535,22.2245,20.794,22.033,23.6628,21.9245,21.3806,21.3078,20.661,22.1722,21.9718,21.7707,21.5399
Mm01302428_m1,Ccl5,Target,24.078,21.6332,21.6429,21.6957,20.4282,21.701,23.0304,21.4089,20.7893,20.6696,20.592,21.6759,21.7729,21.4093,20.7884
Mm01302419_m1,Ccl6,Target,17.801,16.8135,16.8949,17.4179,16.5957,15.95,17.4921,17.0401,16.8502,17.0125,16.678,16.9047,16.7473,17.5122,17.222
Mm01308393_g1,Ccl7,Target,22.515,21.4002,20.4192,20.7416,20.6021,20.862,22.9589,21.087,21.2192,20.9034,20.333,21.4738,21.1338,21.8311,21.3198
Mm00443113_m1,Ccl7,Target,21.768,21.832,21.0281,21.052,19.6667,20.368,24.1314,21.6549,21.489,20.9253,20.769,21.9129,21.5636,22.2783,20.8796
Mm01297183_m1,Ccl8,Target,17.174,16.3184,16.2904,16.3797,16.0949,16.108,18.8267,16.775,16.7657,16.0334,16.105,16.7218,16.5788,17.0831,16.3979
Mm00438260_s1,Ccr1,Target,21.89,20.6798,20.8254,20.5082,20.4077,20.267,23.6642,19.8384,20.832,21.066,19.925,20.1552,20.4023,21.5153,20.9487
Mm00432606_s1,Ccr1l1,Target,30.23,30.6069,30.4858,29.2288,27.4693,28.504,29.9118,27.1752,28.2762,28.5147,27.912,28.8889,29.2104,28.9505,28.131
Mm00438270_m1,Ccr2,Target,22.727,21.2112,20.7865,20.7858,19.8301,20.547,21.7624,20.2496,20.1714,20.5562,19.875,20.6644,20.8359,20.583,20.4926
Mm00515543_s1,Ccr3,Target,26.867,25.3685,24.7768,24.3633,23.7404,24.258,25.801,23.9653,23.9435,24.8169,23.279,24.1136,24.2653,24.8157,24.7721
Mm01216172_m1,Ccr3,Target,27.086,25.7053,24.7954,25.0492,24.4773,24.69,26.0515,23.7341,24.479,25.0948,23.872,24.8433,24.771,24.7396,25.1831
Mm00438271_m1,Ccr4,Target,NA,27.3424,30.5905,28.496,24.707,27.085,28.6761,29.5636,27.2979,26.1248,25.801,29.2024,28.8846,28.4124,25.3284
Mm01216171_m1,Ccr5,Target,22.707,21.3092,21.2169,21.8916,20.5034,20.366,22.8677,21.4369,21.5468,20.7626,20.637,21.5374,21.5266,21.6966,20.729
Mm99999114_s1,Ccr6,Target,NA,27.4935,26.4601,26.0737,23.9502,26.641,27.4926,26.6473,25.2678,24.8151,25.954,26.5115,25.9598,25.1488,23.5868
Mm01301785_m1,Ccr7,Target,26.758,24.2068,24.4729,23.7708,21.7661,22.774,25.445,23.6913,23.5457,22.2205,22.282,24.0487,23.4968,23.783,22.0185
Mm00843415_s1,Ccr8,Target,29.049,26.8157,27.3326,26.5347,24.4609,26.147,26.2469,26.2164,25.2916,24.7552,25.625,26.6742,26.7034,26.7267,24.2079
Mm99999115_s1,Ccr8,Target,NA,27.6875,29.1649,28.3032,25.256,27.663,29.1408,28.0448,27.5768,26.9007,26.734,28.0783,27.4927,28.4498,25.8648
Mm02620030_s1,Ccr9,Target,25.495,24.3119,24.0124,23.8739,22.9407,23.839,24.9656,22.7275,23.624,23.3292,22.541,24.0766,24.1632,23.7346,24.1338
Mm02620636_s1,Ccrl1,Target,26.755,25.4372,24.8991,24.6195,25.6375,24.95,25.4556,23.8376,24.6883,25.5521,23.838,24.8147,24.4083,24.6322,25.1738
Mm00516914_g1,Ccrl2,Target,20.884,18.9932,18.6262,18.5112,18.8262,19.234,21.7394,19.0749,18.7807,18.7903,18.144,18.8051,18.6898,18.8438,19.2721
Mm00438094_g1,Cd14,Target,21.432,19.8244,19.7445,19.4832,18.766,19.494,21.385,19.6166,19.6922,19.3913,18.498,19.0495,19.2125,19.8273,19.1762
Mm00474091_m1,Cd163,Target,22.817,22.1425,20.8289,22.4461,22.2485,20.663,21.6237,21.4541,22.2309,20.7683,20.785,21.6429,21.2525,22.0495,22.3738
Mm00434804_m1,Cd180,Target,20.238,19.0978,18.7617,18.7685,19.425,19.245,23.122,19.1171,18.7929,19.0205,18.546,19.3786,18.786,19.1324,19.5722
Mm00783541_s1,Cd1d1,Target,25.123,25.0757,23.7463,23.6462,23.8599,24.536,21.4361,22.4834,22.4026,22.8073,22.593,23.8376,22.5001,21.0406,22.9354
Mm00782538_sH,Cd24a,Target,24.313,23.7347,23.0541,23.2621,22.5532,21.96,20.2969,20.9171,22.7221,22.5479,21.403,23.6473,22.7104,22.9553,22.2264
Mm00452054_m1,Cd274,Target,22.554,19.7182,19.8335,20.0285,19.2253,20.769,22.6708,20.4367,20.2994,19.6037,19.766,20.7188,20.2964,20.0052,19.6339
Mm00483137_m1,Cd28,Target,26.276,25.1957,25.2274,25.758,24.3168,25.751,28.2394,25.5076,24.6146,24.84,23.214,25.7532,25.1217,24.3512,24.2376
Mm00442754_m1,Cd4,Target,26.438,23.49,22.706,23.104,21.5708,22.802,NA,21.5137,22.1405,21.7503,20.984,22.0697,22.5855,22.1434,22.4126
Mm00441891_m1,Cd40,Target,24.58,23.3467,23.7251,23.5206,21.9363,22.874,24.6239,22.9454,22.8895,22.204,21.794,23.3602,23.0983,23.6459,22.1122
Mm00441911_m1,Cd40lg,Target,NA,30.4225,29.6627,31.7431,27.8534,31.075,NA,31.1191,28.4174,27.9538,26.904,29.2524,29.6741,30.9039,28.1279
Mm01277163_m1,Cd44,Target,18.361,16.5934,16.5215,16.1604,16.3231,16.66,19.6125,16.3054,16.6699,16.7773,16.493,16.5343,16.1044,16.8645,16.564
Mm00487625_m1,Cd46,Target,NA,NA,NA,NA,NA,NA,NA,NA,35.8106,NA,NA,NA,NA,NA,NA
Mm00438377_m1,Cd55,Target,23.75,22.9129,22.7481,21.8552,22.1049,21.502,21.6965,20.9665,21.7851,21.7995,21.664,21.8181,20.9114,21.7429,21.777
Mm00441914_m1,Cd70,Target,NA,NA,29.2428,28.6845,28.9528,29.451,28.8975,NA,28.4229,27.2336,26.914,28.3446,29.9529,27.8333,29.5686
Mm00658576_m1,Cd74,Target,18.876,16.1439,16.1534,16.6165,14.4011,16.167,17.3966,15.7217,15.6021,14.7276,15.141,16.0467,15.8477,15.4878,14.5554
Mm00711660_m1,Cd80,Target,23.246,21.9085,21.6727,21.1541,21.4325,21.251,23.7336,21.3492,21.4228,21.6482,21.162,21.3475,20.8154,21.3611,21.4709
Mm00444543_m1,Cd86,Target,23.735,22.5471,22.3033,22.4121,21.9499,21.643,23.7937,22.0399,21.9152,21.5563,21.719,22.2487,21.7314,21.8057,21.8298
Mm00516248_m1,Cd97,Target,20.524,18.3559,17.5585,17.7765,17.7369,18.169,20.2616,17.544,17.8585,17.8702,17.231,17.694,17.0337,17.9108,17.9994
Mm01164910_m1,Cdk5,Target,23.71,22.3026,21.4722,21.1444,22.0621,21.805,22.904,21.7849,21.9246,21.8156,21.423,21.6658,21.8378,21.7574,21.8343
Mm00473573_m1,Cdo1,Target,24.003,23.5862,23.1064,23.1093,21.5579,24.577,17.8039,19.5241,20.5904,22.8004,19.821,21.5735,20.7474,18.8162,20.9617
Mm00514283_s1,Cebpa,Target,25.575,18.5556,17.8423,18.9848,17.716,26.896,18.4849,19.5272,19.5359,18.7708,27.352,17.9262,19.0294,18.0603,18.5367
Mm00843434_s1,Cebpb,Target,NA,21.3818,22.8369,22.6439,21.0383,30.643,22.0263,23.8141,22.8494,21.9134,31.568,20.7849,23.4784,22.292,21.2362
Mm00515474_m1,Cer1,Target,NA,NA,29.9702,NA,NA,NA,29.284,NA,30.1754,NA,29.184,NA,NA,NA,NA
Mm00433909_m1,Cfb,Target,22.191,21.025,20.9155,20.7635,20.0354,19.942,20.2843,19.7554,20.5105,20.7651,18.951,20.2957,20.3625,20.5167,20.8098
Mm00442664_m1,Cfd,Target,21.171,23.7351,23.0195,22.3838,19.5294,23.677,15.0406,16.8472,17.9804,20.7608,16.981,19.0772,NA,15.5968,17.583
Mm01299243_m1,Cfh,Target,19.82,18.5425,18.3307,18.5155,18.3697,18.55,19.3546,17.7941,18.1248,18.3351,17.744,17.7944,18.3143,18.7712,18.7498
Mm00502018_m1,Cfhr1,Target,NA,NA,NA,NA,NA,NA,NA,NA,NA,NA,NA,NA,NA,NA,NA
Mm00432470_m1,Cfi,Target,32.429,36.3795,NA,NA,33.9196,33.855,NA,NA,NA,NA,31.849,32.9026,NA,NA,NA
Mm01341415_m1,Cfp,Target,22.343,21.087,20.9761,20.846,20.286,20.225,21.8269,20.6148,20.9358,20.3779,19.87,20.8103,21.2899,21.2078,20.6352
Mm00445197_m1,Cftr,Target,NA,NA,NA,NA,27.0604,28.82,29.3953,NA,NA,19.7509,NA,NA,28.8535,NA,28.2787
Mm00657889_mH,Chi3l3,Target,25.818,24.624,25.5926,25.6897,18.6941,20.609,25.6449,23.7481,24.1352,20.5758,19.418,23.0914,24.5818,25.1179,19.8005
Mm01312230_m1,Chrna7,Target,NA,29.0599,NA,NA,29.3753,29.364,NA,28.6357,30.363,NA,NA,NA,30.2173,28.0323,NA
Mm00517855_m1,Chst1,Target,24.589,24.1795,23.805,23.9657,23.6412,23.51,21.2061,22.0138,23.2921,23.6459,22.06,23.5049,23.1408,21.5124,22.8682
Mm00490018_g1,Chst2,Target,27.324,25.0608,25.8767,24.6987,23.8128,26.254,24.6243,24.8585,24.5272,25.7605,24.72,23.7726,26.1606,25.7704,25.3425
Mm00488783_s1,Chst4,Target,NA,34.4283,NA,NA,NA,NA,30.1238,NA,NA,NA,NA,NA,NA,NA,NA
Mm00459364_m1,Cklf,Target,22.828,20.7967,19.9251,20.1364,20.2973,21.246,22.4698,20.3223,20.4181,20.3454,20.44,20.4596,20.0316,20.446,20.3987
Mm00480200_m1,Clcf1,Target,29.918,24.8322,25.6084,24.3967,25.147,25.159,26.4867,25.1761,24.4147,24.7762,24.068,25.359,24.0939,25.1753,24.4406
Mm01183349_m1,Clec7a,Target,20.571,18.8817,18.6954,18.462,17.6212,18.79,21.7867,18.6425,18.1876,18.5744,17.641,18.599,18.377,18.5559,18.4835
Mm00442773_m1,Clu,Target,23.509,22.5384,22.0511,22.086,20.9175,21.857,20.0134,20.1983,20.7519,21.6344,20.358,21.6554,20.8342,20.67,20.5611
Mm01700212_m1,Cmklr1,Target,22.733,20.8115,20.7566,20.6594,19.9777,20.667,20.8884,20.1771,20.3191,20.1684,20.096,20.2588,20.0979,20.1825,19.923
Mm00459052_m1,Cmtm2a,Target,26.935,26.7625,25.0353,25.372,24.717,26.53,30.1596,25.8161,25.8343,25.2916,25.245,25.7114,25.9016,24.9439,25.8097
Mm00459292_m1,Cmtm2b,Target,NA,NA,28.5045,29.7868,29.1203,NA,NA,NA,NA,30.1595,NA,NA,30.419,NA,NA
Mm00470315_m1,Cmtm3,Target,20.174,18.6726,17.9745,18.616,18.7022,18.662,20.5982,18.3548,18.4455,18.792,18.245,18.6782,18.584,18.8191,18.8985
Mm00463816_m1,Cmtm4,Target,23.241,21.2684,20.9432,21.2617,21.4246,21.832,23.1455,21.0592,20.9562,21.511,21.559,20.8278,21.0561,21.7264,21.8237
Mm00509113_m1,Cmtm5,Target,26.829,26.0656,26.195,26.9649,28.0019,25.284,23.4314,25.4987,26.3749,25.6933,26.036,26.1411,28.573,25.965,26.9074
Mm00509048_m1,Cmtm6,Target,22.559,20.4164,19.8258,19.7599,19.6813,20.65,20.7853,19.7141,19.8151,19.6613,19.773,19.9456,19.8489,19.91,19.7771
Mm00506011_m1,Cmtm7,Target,22.517,21.0826,NA,20.5987,20.5715,21.032,22.8333,20.3348,20.7447,20.8371,20.31,20.6951,20.6381,21.1854,21.0933
Mm00510311_m1,Cmtm8,Target,26.401,25.259,24.6436,24.6361,24.9226,25.025,23.8133,23.8041,24.7237,3.833,24,25.4611,24.4091,24.6302,24.757
Mm00516693_m1,Cntfr,Target,28.137,25.5597,26.7818,26.7977,25.7856,26.065,22.6513,23.9574,24.7692,26.8279,24.73,26.0396,26.3059,24.6343,25.5772
Mm00516697_m1,Cntfr,Target,29.137,27.0924,26.5965,26.1226,26.2667,26.579,23.8826,25.281,26.0116,26.3121,26.064,26.3135,26.8101,24.6689,26.5085
Mm00489702_m1,Cntnap1,Target,27.573,27.3144,26.0087,25.4681,26.5594,26.299,25.8304,25.2989,26.3941,27.0642,25.624,27.2637,26.7947,25.4968,25.5964
Mm00785297_s1,Cr1l,Target,20.744,19.4311,18.7735,18.8482,18.7144,19.542,19.8963,18.8162,19.0758,19.3162,18.559,18.742,18.8276,19.1327,19.339
Mm00801681_m1,Cr2,Target,NA,NA,NA,28.5591,27.0178,30.001,31.2967,28.0238,30.2212,27.1007,27.645,NA,30.3636,26.4728,26.7632
Mm01293920_s1,Crh,Target,NA,NA,NA,NA,30.286,NA,27.1835,29.911,NA,NA,NA,NA,NA,NA,29.3184
Mm00517026_m1,Crlf1,Target,27.645,24.9092,25.3121,24.4115,25.3602,24.726,26.192,23.1931,23.756,24.8386,26.135,24.5049,23.8034,23.8536,18.1577
Mm00432680_g1,Crp,Target,NA,NA,29.6993,NA,29.699,NA,30.9126,30.9589,NA,NA,29.351,NA,NA,NA,31.0121
Mm00432686_m1,Csf1,Target,21.432,19.7446,19.7844,19.4176,19.1424,19.375,21.155,19.1747,19.4977,19.6153,18.815,19.6168,19.0449,20.0085,19.3068
Mm00438328_m1,Csf2,Target,28.548,26.3236,26.971,25.7832,24.7832,27.222,28.8566,24.9303,25.7691,25.0861,25.733,25.8315,25.2327,27.3986,25.5516
Mm01290062_m1,Csf2,Target,27.605,26.7839,25.9464,25.8863,25.8029,26.109,28.3897,25.6235,25.7951,26.3562,26.151,25.4405,26.0388,26.6681,26.5133
Mm00438331_g1,Csf2ra,Target,21.499,18.9339,18.9334,18.5467,18.2295,20.621,21.8169,18.6069,18.4482,18.4939,17.914,18.7207,18.6161,18.7423,18.7565
Mm00655745_m1,Csf2rb,Target,20.368,18.5745,17.7899,17.8196,17.6244,18.337,21.3508,18.1401,17.9636,17.4853,17.702,18.2666,17.8332,17.7413,17.8746
Mm00438334_m1,Csf3,Target,NA,30.2622,NA,NA,NA,29.815,29.2794,29.8913,NA,29.9355,29.158,NA,27.9657,NA,NA
Mm00438335_g1,Csf3,Target,NA,NA,30.5146,NA,NA,30.184,29.4913,NA,30.5084,NA,29.418,29.9486,NA,NA,NA
Mm00432772_m1,Ctf1,Target,29.775,26.8381,26.4388,27.5318,26.4426,27.389,23.5897,24.6647,25.0812,26.6303,30.306,25.6922,25.767,24.6756,25.3977
Mm00486849_m1,Ctla4,Target,NA,25.3722,26.7368,26.6385,22.9666,25.205,26.3075,26.4781,25.8513,24.0949,24.16,25.9698,25.7007,25.8484,23.78
Mm00436454_m1,Cx3cl1,Target,24.367,23.0153,22.5756,22.6479,22.3406,22.813,22.802,21.7041,22.7575,22.3498,22.411,22.832,22.7056,22.3117,22.0485
Mm02620111_s1,Cx3cr1,Target,24.864,22.4893,22.4704,22.3505,21.4013,22.944,24.5343,21.3257,21.6636,21.6716,21.678,22.2151,22.0389,22.6385,21.3433
Mm04207460_m1,Cxcl1,Target,25.765,24.4574,23.8399,23.2029,23.1737,22.721,24.5709,23.3497,23.4135,23.4159,21.949,23.3861,22.9841,23.6087,23.6845
Mm00433859_m1,Cxcl1,Target,25.597,24.7254,23.6849,23.4945,23.4349,22.613,24.8018,23.5194,23.4598,23.6167,21.787,23.3572,23.4104,24.0039,23.7401
Mm00445235_m1,Cxcl10,Target,24.823,22.6826,23.4607,22.8739,22.7655,22.066,23.9106,21.9879,22.9441,22.8223,20.624,23.2235,22.3964,22.6396,23.364
Mm00444662_m1,Cxcl11,Target,NA,29.468,NA,30.2194,NA,NA,28.2666,29.6994,28.2726,28.5956,27.446,28.3959,29.5406,29.5821,28.0595
Mm00445553_m1,Cxcl12,Target,19.242,17.3748,17.4076,17.5217,17.66,17.797,18.7077,17.1761,17.0318,16.8176,16.954,17.2396,17.1645,17.3075,17.3109
Mm00444699_m1,Cxcl14,Target,19.166,25.833,16.666,16.8068,NA,17.066,NA,16.1401,16.2961,16.5586,15.817,NA,16.4995,16.9255,16.7319
Mm00469712_m1,Cxcl16,Target,21.417,18.8304,18.6548,18.9428,18.0231,19.607,21.5454,18.8348,18.4968,17.9898,18.427,18.673,18.3911,18.5416,17.7593
Mm00463791_m1,Cxcl17,Target,NA,NA,NA,NA,NA,NA,26.7672,25.8096,NA,NA,29.302,NA,NA,30.9418,30.8186
Mm00436450_m1,Cxcl2,Target,24.156,22.4928,22.1511,22.2342,21.1458,21.766,22.8853,22.1362,21.202,21.5854,20.599,21.6662,21.695,22.517,22.2392
Mm01701838_m1,Cxcl3,Target,25.023,22.8351,22.0938,22.53,21.1163,22.004,23.0232,21.8104,21.816,21.8258,21.054,22.2265,21.6846,22.7949,21.7591
Mm00436451_g1,Cxcl5,Target,23.819,22.3065,21.9473,21.8348,20.5025,20.474,23.6953,21.6449,21.2247,21.2985,19.618,21.3847,21.7168,21.825,21.9951
Mm00434946_m1,Cxcl9,Target,24.366,21.3944,23.3929,23.1727,21.5853,21.761,22.7964,21.6108,21.5135,22.4408,20.546,22.8703,21.7648,21.2905,22.2174
Mm00438259_m1,Cxcr3,Target,25.684,23.9823,24.0017,23.9256,23.4489,24.287,25.8437,23.4509,23.5925,23.7817,22.668,24.2653,23.558,23.5938,23.8872
Mm99999054_s1,Cxcr3,Target,25.226,23.8385,23.08,23.197,22.7546,23.811,25.109,23.4168,23.3383,23.375,22.748,23.2898,23.4417,23.0709,23.125
Mm01292123_m1,Cxcr4,Target,20.945,19.8311,19.3725,19.5895,19.2117,19.223,22.4215,19.417,19.6282,19.3913,18.117,19.6889,18.838,19.2643,19.2953
Mm02620517_s1,Cxcr6,Target,25.219,24.2312,23.5646,23.4587,23.8258,23.736,24.0963,23.0651,23.208,23.2315,22.75,23.7259,23.5935,23.0648,23.1874
Mm02619632_s1,Cxcr7,Target,29.619,26.7737,26.1624,26.5316,27.0901,25.668,25.347,24.82,26.1684,25.9388,25.493,25.8311,25.1943,25.997,27.0383
Mm01287743_m1,Cybb,Target,18.703,16.7248,16.7642,16.6493,16.0208,16.519,19.7987,16.6351,16.5641,16.2433,15.916,16.6921,16.2041,16.6895,16.1168
Mm00558507_m1,Cyp26b1,Target,26.615,24.9743,24.4061,24.3066,25.3838,24.606,24.5935,24.8322,24.357,24.8712,24.294,24.0599,23.7546,24.1546,24.6464
Mm04207950_g1,Darc,Target,24.79,24.0661,23.7919,23.9574,24.0119,23.039,21.7338,22.4674,23.1447,24.1856,22.773,23.4143,22.778,23.2824,23.6512
Mm00554529_m1,Ddx58,Target,22.616,21.451,20.9967,20.9306,20.7736,20.915,21.3494,20.7836,20.8882,21.2277,20.273,21.0729,20.9441,21.0834,23.4946
Mm00552449_m1,Dnajc8,Target,20.564,19.1423,18.932,18.9771,18.7847,19.279,19.8038,18.7876,18.7037,19.0138,18.783,18.7795,18.8388,18.8385,19.0499
Mm00469294_m1,Ebi3,Target,25.124,22.7847,22.1992,22.9186,22.4017,22.79,24.4997,21.5797,22.5632,21.7321,22.314,22.7407,22.3862,22.558,22.5452
Mm00723601_m1,Eda2r,Target,25.59,23.9609,23.7816,23.488,23.8243,23.178,NA,22.5839,22.9301,24.0493,22.811,22.87,22.3395,23.5818,24.1227
Mm01187858_m1,Egfr,Target,22.411,21.7602,21.5933,21.5184,21.8748,20.67,21.8029,21.1039,21.3989,21.9744,20.109,21.2485,21.3201,21.6962,22.0527
Mm00433023_m1,Egfr,Target,24.136,20.6888,NA,19.9914,20.5,22.197,20.8043,19.4211,19.9113,20.2942,21.462,20.1774,20.1073,20.4843,20.9048
Mm00469310_m1,Ela2,Target,NA,NA,NA,31.0021,28.8775,29.599,28.444,30.9113,29.586,29.5414,28.064,27.4987,29.3623,27.9556,31.212
Mm00514706_m1,Ephx2,Target,25.304,23.7655,23.3658,23.5126,23.8171,23.706,20.7854,21.7575,22.5988,23.0869,21.985,23.2218,21.771,20.7991,23.545
Mm00433126_m1,Epo,Target,NA,NA,NA,NA,NA,NA,NA,NA,NA,NA,NA,NA,NA,NA,NA
Mm00472842_m1,Erap1,Target,22.112,20.4634,20.5395,20.6223,20.1774,20.097,21.6319,20.1298,20.3933,20.8204,19.765,20.5258,20.3575,20.4017,20.6814
Mm00658541_m1,Erbb2,Target,27.671,25.6125,25.3517,25.6369,25.2533,25.43,24.2703,24.3663,25.1413,25.0999,24.799,25.0798,25.195,24.8409,25.4345
Mm00514794_m1,Ereg,Target,30.361,26.8688,25.2481,25.7427,25.7075,25.277,30.6826,26.392,26.577,25.7982,25.902,26.5894,25.5363,26.2734,25.3423
Mm00554113_m1,F11r,Target,23.847,22.6819,22.0973,22.2086,21.61,22.355,21.1707,21.3026,21.6537,21.318,20.59,21.9097,21.6094,21.6121,21.3683
Mm00438843_m1,F2,Target,NA,NA,NA,NA,28.9837,NA,29.08,NA,29.2779,NA,29.41,30.8939,29.3687,31.0514,30.5534
Mm00438851_m1,F2r,Target,22.774,20.5084,19.7827,19.388,20.5746,20.837,22.7084,20.2237,20.126,20.3236,19.963,20.146,19.775,19.7823,20.4698
Mm00433160_m1,F2rl1,Target,24.379,22.644,22.6764,22.3779,22.2065,21.796,23.8206,22.2895,22.1802,21.8468,21.75,21.8115,21.1898,21.8414,22.3915
Mm00438853_m1,F3,Target,21.595,20.3687,19.7507,20.3586,21.0104,19.992,20.7937,20.1021,19.7771,20.377,20.029,20.0093,19.9014,19.8526,20.3953
Mm00445878_m1,Fabp4,Target,17.215,16.8142,16.0551,16.5707,15.9311,16.609,13.0236,14.7855,15.0744,16.5016,14.03,15.3818,14.7428,13.4791,15.8113
Mm01295675_g1,Fabp4,Target,17.83,17.6495,16.4743,16.7502,NA,17.471,13.718,14.9196,15.5623,16.7552,14.669,15.9922,15.3287,13.7004,NA
Mm00508056_m1,Fam3b,Target,NA,NA,NA,NA,NA,NA,27.2296,NA,NA,NA,NA,NA,NA,NA,NA
Mm00506835_m1,Fam3c,Target,21.486,19.7574,19.4672,19.6471,19.5908,19.966,20.4187,19.3722,19.6345,19.5393,19.296,19.6987,19.4749,19.776,19.6102
Mm00433237_m1,Fas,Target,NA,22.8421,22.5945,22.8906,22.4488,22.118,22.8117,22.3461,22.4704,22.1658,21.701,22.4751,22.6837,22.489,22.5962
Mm00438864_m1,Fasl,Target,27.237,26.1249,26.0693,25.0421,24.7659,25.288,29.7244,25.0905,24.8428,24.6909,24.053,25.5038,25.3835,25.3345,24.746
Mm00438867_m1,Fcer1a,Target,29.93,30.3739,28.9117,27.922,28.9594,27.175,25.5396,25.4328,26.558,27.1615,26.738,26.8139,25.7535,25.3829,27.4815
Mm02343757_m1,Fcer1g,Target,17.553,15.8269,15.635,15.7448,15.7664,15.803,18.9855,15.9529,15.6941,15.8224,15.343,15.6989,15.8349,15.6873,15.9223
Mm00438875_m1,Fcgr2b,Target,20.864,19.4811,19.3114,19.3403,18.2196,19.014,21.5848,19.7423,19.7718,18.3571,18.829,19.817,19.3738,19.7069,18.1494
Mm00433275_m1,Fgf10,Target,25.991,25.1965,24.7728,25.4567,25.2124,25.516,23.33,23.6051,23.8534,24.7572,23.117,24.6911,23.4828,22.6971,24.5572
Mm00679875_m1,Fgf11,Target,26.991,25.2716,24.5738,24.486,24.6674,24.771,24.96,24.435,24.9949,24.514,24.944,25.0528,24.428,25.0949,24.7044
Mm00802587_m1,Fgf12,Target,NA,27.7736,29.1591,31.024,30.7546,NA,28.8054,26.7885,29.8333,28.8786,27.029,30.4434,31.0306,29.4847,29.8683
Mm00433286_m1,Fgf18,Target,22.738,22.0014,21.3483,20.8772,21.3293,20.816,22.311,20.7951,21.2497,21.4426,21.246,21.0751,20.629,21.3017,21.3003
Mm00433287_m1,Fgf2,Target,24.031,23.7262,23.0029,22.7519,22.9731,23.205,21.1363,21.7136,22.6285,22.4575,22.43,22.7683,21.7697,22.1311,22.7535
Mm00748347_m1,Fgf20,Target,NA,NA,NA,NA,NA,NA,NA,NA,NA,NA,NA,NA,NA,NA,NA
Mm00445621_m1,Fgf23,Target,NA,29.0225,28.081,28.8652,28.8673,NA,28.5547,29.7331,28.2857,NA,26.78,NA,26.6913,27.8779,26.9625
Mm01131929_m1,Figf,Target,23.374,22.7282,21.7182,22.2627,23.1622,21.825,22.7283,21.9021,22.4953,22.4649,21.784,22.0747,21.4289,21.7579,23.3906
Mm00442801_m1,Flt3l,Target,26.758,24.8059,24.5328,24.6868,24.4623,25.309,25.1031,23.8633,24.0776,24.7449,24.038,24.5546,24.4966,24.3676,24.3671
Mm01256744_m1,Fn1,Target,16.915,15.6201,15.5882,15.0473,14.9337,14.774,16.397,14.8685,15.225,14.8853,14.872,15.2075,15.0103,15.5127,14.6704
Mm00487425_m1,Fos,Target,21.437,19.7517,19.7105,19.133,19.3905,18.938,20.8928,19.3162,19.5171,19.9543,17.845,19.8002,19.0807,19.8805,19.4523
Mm00487426_g1,Fos,Target,22.24,20.3794,19.9555,19.7923,19.9719,19.458,21.5184,19.7451,19.7875,20.2247,18.272,20.2092,19.7057,20.5198,19.9529
Mm00475162_m1,Foxp3,Target,33.407,26.5387,26.3634,26.8062,22.6476,25.846,27.8521,25.8708,25.0923,23.5456,25.226,25.7309,25.5679,25.8812,23.4911
Mm00442803_s1,Fpr1,Target,24.816,23.9274,23.8559,24.4673,24.145,23.562,24.1443,24.4784,24.776,25.2556,23.366,24.6399,24.574,25.0619,24.6808
Mm01962454_s1,Fpr3,Target,28.899,28.8772,NA,NA,NA,NA,NA,NA,NA,NA,NA,NA,NA,NA,NA
Mm00439056_m1,Gal,Target,26.807,26.766,26.334,25.4803,25.7358,25.952,27.9816,25.0891,25.3638,26.7891,22.951,25.116,25.3139,25.781,26.4429
Mm01159973_m1,Gdf11,Target,26.683,24.7569,24.2693,23.6088,24.2003,24.317,24.5762,23.6883,23.9805,24.7525,23.876,24.2822,24.0936,24.4754,25.0327
Mm00442228_m1,Gdf15,Target,24.581,21.7563,21.1766,21.798,22.0056,23.698,25.4473,21.8281,21.7835,22.2711,23.298,22.016,21.1924,21.5728,21.7731
Mm00807340_m1,Gdf2,Target,NA,NA,NA,NA,NA,NA,NA,NA,NA,NA,NA,NA,NA,NA,NA
Mm00433563_m1,Gdf3,Target,23.823,21.9008,22.1882,22.7642,21.5574,21.854,25.4865,21.4839,21.5849,21.3533,20.802,21.5811,21.2231,21.7822,21.4368
Mm00433564_m1,Gdf5,Target,NA,30.0373,29.1748,30.4694,30.6864,28.695,27.8748,29.3045,30.4093,30.6356,29.159,30.4646,30.5389,25.8557,29.7776
Mm01222341_m1,Gdf6,Target,30.842,29.095,25.921,27.3902,26.5277,29.65,28.4218,26.3018,25.9425,27.3491,27.475,25.5037,26.4491,25.7765,25.5636
Mm00433565_m1,Gdf9,Target,NA,28.9387,28.6509,NA,27.8296,28.794,NA,39.935,NA,28.9235,NA,29.9942,28.6264,28.8433,NA
Mm00433590_g1,Gh,Target,NA,29.6454,NA,30.1115,29.8898,29.761,NA,29.8484,29.9577,NA,27.974,29.9422,29.647,28.5881,30.5227
Mm00445450_m1,Ghrl,Target,NA,28.2773,29.5934,30.5633,31.2825,31.205,30.484,29.9894,29.9896,30.461,29.681,29.9418,28.5616,31.433,28.2744
Mm00616415_m1,Ghsr,Target,NA,NA,NA,NA,NA,NA,NA,NA,NA,NA,NA,NA,NA,NA,NA
Mm00504709_m1,Glmn,Target,24.757,22.759,22.664,22.4573,22.8431,22.779,22.8318,22.1636,22.4283,22.6336,22.072,22.6606,22.156,22.4302,22.8673
Mm02619401_s1,Gpr17,Target,27.569,24.6606,24.1546,24.2635,25.1324,24.839,24.2229,24.6636,24.3175,24.3438,24.058,24.7357,24.0962,23.79,24.6001
Mm00558545_s1,Gpr68,Target,23.757,21.709,21.4645,21.2418,21.2199,21.762,25.05,20.7814,21.0337,21.1734,20.563,20.7708,20.7595,21.3953,21.3278
Mm00656767_g1,Gpx1,Target,17.204,15.4419,14.7754,14.8215,15.0857,15.607,17.7999,15.2323,15.133,15.1174,14.77,15.0164,14.8092,15.1269,15.31
Mm00515041_m1,Gpx4,Target,22.358,20.4879,19.9422,19.8956,19.7353,20.82,20.5522,19.7052,19.8852,19.9879,19.832,19.8275,19.6762,19.8881,20.0866
Mm00488615_s1,Grem1,Target,27.814,24.4126,23.2316,23.5021,25.2595,25.257,26.9994,22.719,24.3746,23.6148,27.216,25.6918,21.7964,21.9151,23.7504
Mm00501909_m1,Grem2,Target,24.796,23.2875,23.3393,22.8868,22.6866,22.53,24.1815,23.3969,23.1559,22.4188,22.514,22.8191,22.4884,23.0956,22.6707
Mm00433848_m1,Grn,Target,18.552,16.2495,15.5701,15.5617,15.7464,16.333,18.5266,15.6689,15.7882,15.7892,15.409,15.9037,15.5467,15.814,15.8185
Mm00444911_m1,Gsk3b,Target,22.312,20.9056,20.5427,20.372,20.3647,20.573,21.4909,20.3869,20.5695,20.4384,20.128,20.5386,20.2312,20.579,20.2623
Mm01197698_m1,Gusb,Target,18.328,16.79,16.172,16.2283,16.5505,17.414,20.0021,16.4897,NA,16.834,16.502,16.4702,16.2652,16.6885,16.8592
Mm03003537_s1,Gusb,Target,18.801,16.8514,16.4159,16.754,16.7321,17.005,20.5288,16.9033,16.858,17.41,15.772,16.7381,16.7384,17.1409,17.3667
Mm01275264_g1,H2-Q10,Target,NA,29.2353,28.3682,28.1415,28.5781,27.167,28.1073,NA,28.032,NA,27.072,NA,27.8618,28.1212,28.0138
Mm00502826_m1,H47,Target,22.813,20.2623,19.6887,19.6658,19.6416,20.347,20.7875,19.6135,19.7255,19.7838,19.756,19.6441,19.6643,19.8283,19.8249
Mm00454540_m1,Havcr2,Target,21.776,20.0666,19.7624,19.778,19.7464,20.412,24.2738,20.2178,20.2901,19.7616,19.916,20.2843,19.7619,19.9268,19.4442
Mm00439275_m1,Hc,Target,28.199,25.4169,25.2949,NA,25.9106,25.481,25.8363,24.8495,24.0237,23.6148,23.821,24.5066,24.7813,24.1769,24.8114
Mm01299543_m1,Hdac4,Target,25.068,23.0307,23.7078,22.1065,22.5672,22.773,23.3917,22.4246,22.6634,22.8313,21.862,22.8565,22.3758,22.8151,22.1842
Mm01299565_m1,Hdac4,Target,25.274,22.3924,22.4202,21.7257,21.4692,23.285,22.3499,21.6398,21.6631,21.6069,22.829,21.8318,21.7885,21.7506,21.7192
Mm01299557_m1,Hdac4,Target,24.046,22.7673,22.8382,22.5373,22.7551,21.96,23.3407,22.6184,22.3402,22.7169,21.384,22.4229,22.6246,22.2335,22.246
Mm00515941_g1,Hdac5,Target,24.391,23.7819,22.4182,22.5685,22.8288,22.372,23.6291,21.7777,22.5526,22.4942,21.621,22.9161,21.7305,22.7984,22.6307
Mm01246076_m1,Hdac5,Target,25.178,21.2119,20.8012,20.8218,20.9406,23.213,21.5222,20.5066,20.7131,20.7137,22.505,20.6466,20.5227,20.8312,20.6133
Mm00515917_m1,Hdac5,Target,23.055,22.3587,21.3864,21.4962,21.7048,21.114,22.7517,20.9854,21.651,21.1094,20.221,21.8325,20.9979,21.2803,21.6473
Mm00469527_m1,Hdac7,Target,23.332,22.1977,21.5611,21.3877,21.8518,21.457,22.2673,21.3847,21.6361,21.702,21.057,21.624,21.6745,21.632,21.7573
Mm00469520_m1,Hdac7,Target,24.394,21.6052,20.8246,21.4134,21.6359,22.097,21.36,20.6303,20.7732,21.1159,21.556,21.031,20.6684,20.9306,21.2009
Mm01293999_m1,Hdac9,Target,24.291,23.8565,23.2096,23.2369,24.3585,22.951,23.83,22.783,23.3229,23.2559,22.63,23.6808,23.4069,23.5092,23.6096
Mm01135182_m1,Hgf,Target,23.57,22.221,21.7486,21.8673,22.0657,22.213,23.7632,21.83,21.7239,21.7315,21.447,21.8385,21.5187,21.5852,22.1102
Mm01135193_m1,Hgf,Target,23.785,22.5624,22.3294,22.3407,22.6312,21.998,24.3371,22.7712,22.3272,22.2802,19.366,22.76,22.4615,22.552,22.4302
Mm01135183_m1,Hgf,Target,24.019,22.0531,21.6469,21.7384,21.881,22.875,23.4677,21.5024,21.5244,21.7862,21.702,21.916,21.2719,21.6862,21.7834
Mm01283760_m1,Hif1a,Target,21.408,19.7413,17.3208,19.3093,18.9337,19.075,20.9823,18.8502,19.7232,19.6001,18.735,19.6191,19.0213,19.8191,18.7877
Mm00849805_gH,Hmgb1,Target,23.163,21.4056,20.8118,20.6121,20.8181,21.247,20.7811,19.5889,20.1976,20.8409,20.546,20.6952,20.5374,20.6275,20.6829
Mm00516005_m1,Hmox1,Target,19.257,18.3245,17.7689,17.8346,18.2328,17.834,20.7985,18.7276,18.3194,17.6338,18.359,18.3752,17.8066,18.3701,17.8151
Mm01318747_g1,Hprt1,Target,21.166,19.2349,18.6105,18.5947,18.7919,19.599,20.1099,18.7614,18.5378,18.6761,18.831,18.7045,18.4784,18.5818,18.6408
Mm01318743_m1,Hprt1,Target,21.086,19.2082,19.0693,18.7705,18.8966,19.638,20.4559,19.1147,18.9096,19.1701,18.884,18.9353,18.9214,19.1241,19.3113
Mm01324427_m1,Hprt1,Target,21.742,20.1968,19.6343,19.576,19.893,20.302,21.3721,19.7432,19.7381,19.8027,19.6,19.8623,19.5527,19.715,19.7903
Mm00461768_m1,Hpse,Target,21.342,19.8288,19.7238,19.9409,19.6297,20.225,22.3531,20.7854,20.0564,19.5413,19.288,20.08,19.7989,19.1788,19.7814
Mm00627039_m1,Hrh1,Target,25.825,NA,NA,28.9576,29.5443,25.14,29.9242,27.0105,NA,28.3309,24.227,29.6239,29.4455,NA,NA
Mm00434002_s1,Hrh1,Target,NA,26.7474,24.811,25.4097,25.502,NA,24.9941,24.5789,25.6952,24.9335,NA,25.7641,25.7594,25.5192,25.5206
Mm00833431_g1,Hsp90ab1,Target,19.899,17.8485,17.4991,17.4058,16.7695,17.633,18.0711,17.2001,17.5259,17.5319,16.99,17.4284,17.1702,17.5554,17.0011
Mm00849835_g1,Hspd1,Target,23.724,22.61,21.097,20.8107,21.0154,22.131,22.0059,20.6323,20.9336,21.1186,21.269,21.4259,20.8603,21.2863,20.7471
Mm00497600_m1,Icos,Target,NA,24.7372,25.8021,24.9805,22.8354,23.806,26.0384,25.2539,24.4468,22.8989,23.257,25.6298,24.248,24.4248,23.4077
Mm00497237_m1,Icosl,Target,25.649,24.1101,23.957,24.5126,23.7857,23.816,23.9477,23.8232,23.8062,23.8223,23.278,23.9196,23.8783,23.7567,23.8201
Mm00459183_m1,Ifih1,Target,22.36,21.1837,20.8039,20.7641,20.9701,20.769,21.4837,20.4521,20.7898,20.6575,19.996,21.2086,20.2286,20.3643,20.7828
Mm00616656_s1,Ifna12,Target,NA,30.3083,NA,NA,NA,NA,30.5937,NA,NA,NA,NA,NA,NA,NA,NA
Mm01703465_s1,Ifna14,Target,NA,29.974,NA,NA,NA,NA,NA,NA,NA,NA,NA,NA,NA,NA,NA
Mm00833961_s1,Ifna2,Target,29.225,NA,NA,NA,NA,NA,28.5211,NA,28.8991,NA,NA,NA,NA,NA,NA
Mm00833969_s1,Ifna4,Target,NA,NA,NA,NA,NA,NA,NA,NA,NA,NA,NA,NA,NA,NA,NA
Mm00439544_m1,Ifnar1,Target,21.817,19.8079,19.4773,19.2368,19.6379,19.701,21.4079,19.5766,19.6483,19.3382,19.035,19.5564,19.538,19.4804,19.5363
Mm00494916_m1,Ifnar2,Target,19.42,17.8051,17.9852,18.3963,17.6967,18.417,19.0842,18.288,18.2083,17.8694,17.705,17.9327,18.3471,18.0908,17.9818
Mm00439552_s1,Ifnb1,Target,NA,28.1386,NA,NA,NA,NA,28.6616,NA,NA,NA,NA,NA,NA,NA,29.9997
Mm00616542_s1,Ifne,Target,28.834,29.1693,NA,30.3494,NA,NA,30.2742,NA,NA,29.209,NA,NA,NA,NA,NA
Mm01168134_m1,Ifng,Target,29.79,27.6823,28.8587,28.9842,27.4618,29.172,29.8839,27.8551,28.48,29.9627,28.301,29.1947,28.5963,28.5786,30.1053
Mm99999071_m1,Ifng,Target,28.942,27.1493,26.6077,27.1191,25.9265,27.357,30.071,26.7719,26.1416,26.2351,27.921,26.3281,26.3291,27.1795,27.9049
Mm00599890_m1,Ifngr1,Target,20.926,19.309,18.5771,18.498,18.6341,18.967,19.9858,18.5964,18.5173,18.4935,18.04,18.8093,18.412,18.5256,18.3794
Mm00492626_m1,Ifngr2,Target,20.689,19.0115,18.6029,18.5844,18.1366,18.718,20.3901,18.6715,18.6526,17.8237,17.79,18.4892,18.4925,18.7884,18.7393
Mm02529417_s1,Ifnk,Target,25.166,23.5455,23.4719,23.0078,23.436,23.537,24.5295,22.8789,22.9648,22.825,22.941,24.1084,23.1677,23.3122,22.7891
Mm00439560_m1,Igf1,Target,21.163,19.5403,19.1815,19.2598,18.7276,19.206,19.3436,19.4559,18.9168,18.4733,18.367,19.0738,19.3133,18.8023,18.6033
Mm00494922_m1,Igfbp4,Target,20.178,17.7644,17.9276,17.7973,17.7885,18.389,18.1772,17.4295,17.5144,17.7516,16.757,17.1692,17.7863,17.7299,17.8257
Mm00803668_m1,Ik,Target,21.339,19.7867,19.0806,19.2195,18.9875,19.734,20.3802,18.8021,19.1588,19.2517,18.748,19.0603,18.7856,19.3297,19.2923
Mm00439614_m1,Il10,Target,27.634,27.7924,26.4079,27.0882,27.5522,26.818,27.7871,26.318,26.8215,27.3755,25.077,26.5913,26.5441,27.0851,28.9463
Mm00434151_m1,Il10ra,Target,23.609,21.2333,21.1213,21.4004,20.6856,21.275,23.3046,21.3355,20.8132,20.8596,20.508,21.287,21.3503,21.024,20.8063
Mm00434157_m1,Il10rb,Target,19.44,17.7684,17.0555,17.4609,17.3193,17.997,20.1658,17.7694,17.601,17.4307,17.206,17.6231,17.5145,17.6964,17.6337
Mm00434165_m1,Il12a,Target,NA,27.9059,28.6115,26.7259,26.8084,29.781,NA,27.4269,NA,26.2972,26.799,28.8919,26.4958,27.7439,26.7655
Mm99999066_m1,Il12a,Target,NA,NA,28.0669,28.3231,27.0663,26.926,NA,27.451,27.9173,29.3081,26.159,28.2966,NA,26.7646,28.283
Mm99999067_m1,Il12b,Target,30.223,27.1235,26.4181,26.9166,24.7786,25.948,28.4983,26.7041,26.1477,26.1141,25.808,26.8327,26.1331,26.9713,25.54
Mm00434174_m1,Il12b,Target,29.002,26.7666,26.6354,25.8358,24.8277,26.444,29.1125,26.8423,26.2515,26.1262,25.372,27.2324,25.3664,26.8374,25.9496
Mm00434189_m1,Il12rb1,Target,NA,29.686,27.3395,27.8659,26.6696,28.889,30.8649,26.8247,28.1202,26.8255,26.535,27.6491,26.9145,26.8096,26.7719
Mm00434200_m1,Il12rb2,Target,26.392,24.487,NA,24.5911,24.4128,24.201,27.8848,24.4725,23.7469,24.4028,23.447,24.0693,23.7748,24.0059,24.7498
Mm99999190_m1,Il13,Target,NA,NA,31.4245,NA,25.8746,26.305,30.5226,30.2447,28.6314,26.271,25.387,NA,30.58,NA,26.7757
Mm00434204_m1,Il13,Target,NA,NA,NA,NA,24.9802,26.633,30.6659,30.0835,28.9153,25.7606,26.105,NA,30.1915,30.5678,26.3374
Mm00446726_m1,Il13ra1,Target,21.282,19.8309,19.6,19.5218,19.6201,19.537,21.2147,19.3858,19.5804,19.6637,19.302,19.7141,19.4217,19.7647,19.5346
Mm01302068_m1,Il13ra1,Target,21.39,20.0782,19.0472,19.5807,19.5061,19.6,21.1246,19.0509,19.6021,19.2305,19.458,19.8376,18.7118,19.6526,19.4905
Mm00515166_m1,Il13ra2,Target,30.598,28.2972,26.6914,26.4237,23.7774,24.822,26.9896,26.6811,26.8365,23.9192,24.275,26.4982,27.7146,26.0065,24.1192
Mm00434210_m1,Il15,Target,23.744,22.7182,22.4422,22.386,21.9633,22.846,23.1625,22.2222,22.3663,21.5767,21.825,22.4732,21.8112,21.9397,21.9675
Mm00500457_m1,Il15ra,Target,23.906,21.7608,21.7652,21.9613,21.7791,21.855,21.9547,21.6598,21.6247,21.464,20.975,21.5546,21.0737,20.8764,21.7564
Mm00516039_m1,Il16,Target,23.809,22.4305,21.7748,22.2411,21.7647,22.194,22.4727,21.7858,21.9519,21.6173,21.234,21.8487,22.2116,21.8143,21.8178
Mm00439618_m1,Il17a,Target,NA,NA,NA,NA,NA,31.244,NA,NA,NA,NA,NA,NA,NA,NA,NA
Mm00521397_m1,Il17c,Target,NA,NA,NA,NA,NA,NA,NA,NA,30.8068,NA,NA,31.0143,NA,NA,29.6313
Mm01313472_m1,Il17d,Target,29.534,26.3138,26.4279,24.7431,26.8083,27.37,24.4963,24.4959,25.0409,26.7843,26.408,25.8346,25.8768,24.9969,25.8425
Mm00521423_m1,Il17f,Target,NA,NA,29.8146,29.4657,30.8119,29.114,29.3183,30.3822,NA,30.0482,28.265,29.9488,NA,NA,29.1602
Mm00434214_m1,Il17ra,Target,22.958,21.0316,20.696,20.7455,20.4531,20.878,21.672,20.3051,20.4642,20.4247,19.808,20.4638,20.3408,20.6631,20.5352
Mm00444704_m1,Il17rb,Target,32.407,NA,27.384,NA,27.0905,26.835,26.4681,26.0628,27.7839,26.7385,25.805,26.8303,26.7386,27.2328,26.8062
Mm00434225_m1,Il18,Target,23.748,22.8216,21.5269,21.7968,22.7163,22.539,23.5534,21.7666,21.8723,22.0263,21.616,22.6517,21.5143,21.8193,22.4413
Mm00456733_m1,Il18bp,Target,24.68,22.7225,23.265,23.4654,22.8192,22.628,24.1444,22.8001,22.7786,22.2701,22.06,23.1562,22.7234,22.6065,22.5562
Mm00516053_m1,Il18rap,Target,27.633,25.6828,25.4108,24.9551,25.3762,25.654,28.0592,23.8123,25.5515,24.7267,24.001,25.305,24.9851,25.4803,25.2518
Mm01288324_m1,Il19,Target,NA,NA,NA,30.5815,NA,30.562,NA,28.977,NA,30.4594,29.277,NA,29.6744,NA,NA
Mm00439620_m1,Il1a,Target,25.315,24.5901,24.5759,24.8034,23.4132,24.825,27.9088,24.7998,24.5709,24.349,23.478,25.4143,24.8114,24.8324,24.4488
Mm01336189_m1,Il1b,Target,23.647,22.1339,22.4951,22.4325,20.66,21.442,22.7939,22.1164,21.5986,21.704,20.144,21.79,22.0758,22.8395,22.1116
Mm99999061_mH,Il1b,Target,24.8,23.2973,23.707,23.6828,21.6422,22.892,23.7914,23.11,22.5034,22.6798,20.119,23.2965,23.1948,23.7489,22.7934
Mm00462022_g1,Il1f10,Target,NA,29.8179,30.2689,NA,NA,29.428,NA,30.7014,NA,NA,28.39,29.9703,29.8659,28.9994,NA
Mm00497802_m1,Il1f5,Target,NA,NA,29.1557,NA,NA,28.33,NA,31.8917,NA,NA,28.711,NA,NA,NA,NA
Mm00457645_m1,Il1f6,Target,NA,NA,NA,NA,NA,NA,NA,NA,NA,NA,NA,NA,NA,NA,NA
Mm00463327_m1,Il1f9,Target,26.636,24.802,24.5797,24.4554,24.0984,24.08,25.2053,24.7651,23.5665,23.8176,22.983,23.7322,23.3993,23.7925,23.8164
Mm00434237_m1,Il1r1,Target,21.476,20.0848,19.5546,19.6769,19.4203,19.818,20.8257,19.4845,19.8076,19.7716,18.913,19.8054,19.7381,20.3283,19.6749
Mm00492638_m1,Il1rap,Target,24.132,22.7335,22.1738,21.9245,21.8239,22.193,23.3025,21.9335,21.7917,21.918,21.552,22.2628,21.7023,22.0505,21.8177
Mm00472725_m1,Il1rapl2,Target,NA,NA,NA,NA,NA,NA,NA,NA,NA,NA,NA,NA,NA,NA,NA
Mm00516117_m1,Il1rl1,Target,24.379,23.3817,22.7865,22.1578,22.4417,20.226,23.9414,22.3869,22.7372,22.4326,22.676,22.8094,21.4035,22.3592,22.1462
Mm00519250_m1,Il1rl2,Target,23.487,22.3164,22.021,21.8351,22.2549,21.625,22.5455,21.8422,22.0358,21.7259,21.44,21.7969,21.7796,22.3474,22.6423
Mm01337566_m1,Il1rn,Target,18.134,16.9639,16.5586,16.6854,NA,16.74,20.687,16.8603,17.0992,16.8913,16.215,16.8675,16.6893,17.4798,17.2247
Mm00434256_m1,Il2,Target,NA,30.4415,NA,30.6312,28.2615,NA,NA,NA,NA,29.3235,NA,NA,NA,NA,NA
Mm99999222_m1,Il2,Target,NA,NA,NA,NA,27.528,NA,NA,NA,28.8018,27.4227,26.605,29.6068,29.4473,29.908,28.6496
Mm00445341_m1,Il20,Target,NA,NA,NA,NA,NA,29.62,NA,NA,NA,NA,NA,NA,NA,NA,NA
Mm00517640_m1,Il21,Target,NA,NA,NA,NA,NA,NA,NA,NA,NA,30.297,28.822,29.9653,NA,NA,30.3098
Mm00444241_m1,Il22;Iltifb,Target,NA,NA,NA,NA,NA,NA,NA,NA,NA,NA,29.208,NA,NA,NA,NA
Mm00663697_m1,Il22ra1,Target,30.092,NA,NA,NA,NA,27.883,NA,NA,NA,NA,30.23,NA,NA,NA,NA
Mm00617572_m1,Il22ra2,Target,NA,30.8936,28.8118,NA,NA,28.122,30.944,NA,28.8295,NA,29.809,30.9683,NA,NA,NA
Mm01160011_g1,Il23a,Target,NA,NA,30.4727,NA,29.7217,28.552,NA,27.9533,30.7792,29.0883,27.647,NA,29.3984,29.8147,NA
Mm00518984_m1,Il23a,Target,NA,NA,28.9695,28.5135,28.6969,NA,28.649,28.8661,28.8768,28.9434,27.813,29.8923,NA,29.7779,27.6983
Mm00519943_m1,Il23r,Target,NA,28.27,31.4937,27.9261,28.3436,28.421,31.264,27.8894,27.9197,27.6501,27.956,28.6918,27.9369,27.928,27.8478
Mm00474102_m1,Il24,Target,NA,NA,NA,NA,NA,NA,NA,NA,NA,NA,NA,NA,NA,NA,30.2405
Mm00461164_m1,Il27,Target,NA,26.3908,27.2059,29.1554,26.7456,27.695,27.6255,27.6456,28.7061,28.9057,27.922,27.8137,26.7936,27.6767,27.6589
Mm00497259_m1,Il27ra,Target,24.82,23.1395,23.3108,22.9342,22.6131,23.436,24.7719,22.7947,22.7228,22.6396,22.264,22.7026,23.3482,23.0742,22.8066
Mm00663660_g1,Il28b,Target,NA,NA,NA,NA,NA,NA,NA,NA,NA,NA,NA,NA,NA,NA,NA
Mm00558035_m1,Il28ra,Target,29.277,28.341,NA,28.5466,26.3646,27.704,25.8912,26.6917,27.1584,26.7044,26.02,28.1351,26.2048,27.9348,26.5542
Mm01192973_m1,Il28ra,Target,30.426,27.9075,27.9559,27.3848,26.826,28.511,28.1294,27.0709,27.1231,26.5979,26.773,27.172,27.2668,27.0225,26.0954
Mm00442885_m1,Il2rg,Target,21.358,20.7346,20.3761,20.3072,19.7536,20.195,22.2504,19.8159,20.3229,20.5227,19.409,20.3291,20.3663,20.3903,19.7829
Mm00439631_m1,Il3,Target,NA,NA,NA,NA,NA,NA,NA,NA,NA,NA,NA,NA,NA,NA,NA
Mm00519844_m1,Il31ra,Target,28.822,27.1509,24.2585,26.4498,27.4379,25.719,27.3135,29.5139,26.9481,25.5584,23.902,30.2467,27.0837,28.3316,27.7494
Mm00505403_m1,Il33,Target,20.766,19.955,19.6256,19.5103,18.7237,19.428,20.6186,19.0143,18.7924,18.7319,18.768,18.805,19.013,19.1884,19.0716
Mm00434273_m1,Il3ra,Target,22.979,20.3953,20.0855,20.2003,20.2291,21.018,22.7474,20.3924,NA,20.4396,20.193,20.5497,20.295,20.611,20.6924
Mm00445259_m1,Il4,Target,NA,NA,NA,NA,29.3888,NA,NA,NA,NA,30.6667,30.44,NA,NA,NA,NA
Mm00439634_m1,Il4ra,Target,21.865,19.8005,18.8277,19.0873,18.8669,19.003,20.2867,18.6922,19.1541,19.2281,18.395,19.037,18.7905,19.5575,18.9841
Mm00439646_m1,Il5,Target,NA,30.7746,30.4308,30.1509,28.7283,28.72,NA,30.3798,28.6598,29.4293,27.698,NA,NA,NA,29.1979
Mm00434284_m1,Il5ra,Target,NA,29.4329,NA,NA,27.623,NA,NA,26.3004,28.6179,28.8887,29.052,28.8855,28.8938,30.3684,27.2549
Mm01210733_m1,Il6,Target,27.6,28.8184,27.9346,27.1154,26.5111,24.786,27.8087,26.5418,26.6862,28.4877,24.831,28.3967,27.1657,27.0419,27.255
Mm00446190_m1,Il6,Target,NA,27.0451,25.5412,25.3288,25.8166,25.878,26.426,26.2203,25.7736,27.4048,25.271,26.9525,25.786,25.696,24.4093
Mm01210732_g1,Il6,Target,30.291,26.7432,29.6158,26.7389,26.9043,26.056,28.1393,27.0029,28.9477,27.6149,25.196,29.6053,26.1122,29.5286,NA
Mm00439653_m1,Il6ra,Target,23.2,22.1991,22.902,21.6643,21.7808,21.494,23.692,22.0335,21.2636,21.4597,21.28,22.0161,21.4054,21.4559,21.3624
Mm00439665_m1,Il6st,Target,20.721,18.7743,18.5493,18.5567,18.4481,18.449,18.831,18.4467,18.5464,18.5608,17.773,18.5545,18.5097,18.634,18.5047
Mm00434295_m1,Il7r,Target,20.156,18.4717,17.8324,18.4046,17.8111,18.761,21.7866,18.7582,18.3526,17.835,17.885,18.5634,18.3415,18.1881,17.855
Mm00731329_s1,Il8ra,Target,25.538,22.7086,22.2722,22.2477,22.3618,23.364,27.4724,22.7717,21.8892,22.5415,21.293,22.2921,21.9337,21.8127,22.6113
Mm00438258_m1,Il8rb,Target,30.642,25.6913,25.7454,25.2656,23.5841,24.204,26.1039,24.8941,24.8969,24.1997,22.773,24.5427,25.1674,25.1773,24.8099
Mm00434305_m1,Il9,Target,NA,NA,NA,NA,NA,NA,NA,NA,NA,NA,NA,NA,NA,NA,NA
Mm00439683_m1,Inha,Target,28.926,28.1268,27.1159,26.5852,27.3041,26.329,25.7571,26.5217,26.8128,25.924,27.062,26.4074,26.7607,26.9936,28.5081
Mm00434339_m1,Inhba,Target,24.386,22.2531,22.4751,22.4614,20.8932,22.261,25.1926,22.8241,23.3952,21.4817,22.09,23.1482,22.5951,22.7123,20.4029
Mm01286587_m1,Inhbb,Target,24.296,22.6267,22.5002,22.4193,22.2886,22.768,23.2541,21.7444,21.9763,21.9089,21.578,21.8051,21.2834,22.2126,22.1178
Mm00731595_gH,Ins2,Target,NA,NA,NA,NA,NA,NA,29.9695,NA,NA,NA,NA,NA,12.0072,NA,NA
Mm00434254_m1,Irak1,Target,22.553,21.1561,20.6153,20.5117,20.7412,20.986,21.7654,20.6572,20.6547,20.5012,20.022,20.5668,20.4717,20.718,20.7783
Mm00549143_m1,Irak2,Target,23.807,21.7343,20.7937,21.0883,20.9074,21.711,23.525,20.7132,21.0837,21.0553,20.785,21.2873,20.8101,21.1654,20.9931
Mm00518541_m1,Irak3,Target,23.064,22.2268,21.7881,21.5995,21.6218,21.117,22.3377,21.5533,21.6478,21.6699,20.835,21.4043,21.5091,21.6675,22.0116
Mm00459443_m1,Irak4,Target,22.751,21.1396,20.598,20.72,20.7947,20.998,21.7987,20.5587,20.6815,20.6689,20.442,20.8222,20.9116,20.7566,20.7604
Mm00516779_m1,Irf3,Target,23.268,21.7805,21.4622,21.6759,21.353,21.074,21.7761,21.4649,21.1921,21.4396,20.628,21.6716,21.2459,21.6372,21.6772
Mm01203177_m1,Irf3,Target,22.971,21.1289,20.7611,20.9004,20.6675,20.774,21.8383,20.4564,20.7432,20.6661,20.084,20.7211,20.6908,20.7456,20.6971
Mm00516788_m1,Irf7,Target,23.536,23.0594,22.5471,23.0306,22.3236,21.754,22.5386,21.5407,22.2823,22.3251,20.634,22.8681,22.044,22.7382,22.8384
Mm00801807_m1,Itgal,Target,25.179,22.2122,22.0275,21.8361,20.9257,22.485,23.8358,21.776,21.6815,21.4252,21.064,22.1815,21.611,21.1304,21.0147
Mm00434455_m1,Itgam,Target,20.757,18.8093,18.3895,18.5361,17.8843,18.335,20.7296,18.5753,18.3726,18.3491,17.818,18.7953,18.2186,18.6999,18.2595
Mm00434513_m1,Itgb2,Target,19.062,16.6518,16.4723,16.4279,15.944,16.956,19.5157,16.8388,16.2954,16.2225,16.146,16.5206,16.547,16.6948,16.3906
Mm00492710_m1,Itgb2l,Target,NA,NA,NA,NA,NA,NA,NA,NA,NA,30.2967,NA,NA,NA,30.4224,NA
Mm01269869_m1,Itgb6,Target,28.834,29.9179,28.8679,31.036,27.7313,28.656,22.7661,23.8715,26.6266,28.9833,28.243,26.9199,29.9214,30.8259,26.7712
Mm00600614_m1,Jak1,Target,20.397,18.7555,18.1837,18.3902,18.3713,18.702,19.4953,18.4998,18.3713,18.5888,18.115,18.5126,18.4371,18.5574,18.6169
Mm01208489_m1,Jak2,Target,22.205,20.8446,20.6264,20.7817,20.347,20.436,21.4485,20.1239,20.7597,20.2324,19.778,20.7201,20.4215,20.7596,20.3652
Mm00439962_m1,Jak3,Target,24.626,22.8199,22.2834,22.4552,22.2667,22.689,22.8884,22.0194,22.5138,22.6136,21.746,22.494,22.5702,22.2273,21.7582
Mm00495062_s1,Jun,Target,22.419,19.1038,18.7281,18.6882,18.2883,19.796,19.5971,18.6084,18.7518,18.6977,18.447,18.7565,18.8267,18.8024,18.4976
Mm00445212_m1,Kit,Target,25.484,24.9255,24.0974,23.7972,23.2642,23.817,22.1721,21.7292,22.8257,24.2302,22.793,23.3513,22.9936,23.0069,23.4223
Mm00442972_m1,Kitl,Target,23.436,22.6406,21.7645,22.1327,22.1081,21.63,20.5677,20.6978,21.3544,21.5629,20.829,21.7963,20.8326,20.8308,21.4418
Mm00516184_m1,Klf6,Target,21.355,19.4056,19.118,19.7345,19.0276,19.211,20.8182,19.3037,19.2478,19.1068,18.566,19.2509,18.8431,19.3698,19.0285
Mm00434658_m1,Klkb1,Target,26.792,25.1725,24.9235,24.7968,25.6544,25.119,27.0719,24.4311,25.0777,25.1035,23.716,24.7549,24.5114,24.6666,25.4039
Mm00516879_m1,Klrg1,Target,28.093,25.871,25.7526,25.728,24.8686,26.781,28.0673,25.2862,24.9199,25.1304,24.884,26.1804,25.4438,26.1286,NA
Mm00445679_m1,Kng1,Target,NA,30.8827,NA,28.4637,29.2728,29.107,NA,30.6674,29.1751,NA,30.576,NA,29.6677,NA,NA
Mm00492992_g1,Krt1,Target,30.651,NA,23.1623,NA,29.7731,24.724,NA,NA,NA,27.7922,23.888,NA,29.6659,NA,NA
Mm00466676_m1,Krt7,Target,27.593,24.8751,24.7537,24.5982,24.7037,25.326,22.7392,23.868,25.1632,23.9042,24.045,25.496,24.7679,24.0847,24.205
Mm00835759_m1,Krt8,Target,28.856,NA,29.9001,NA,26.0238,NA,20.7206,22.8355,27.9241,35.5496,23.473,26.5329,29.7931,NA,25.5873
Mm00493139_m1,Lbp,Target,22.161,21.7989,21.4796,21.6254,21.8948,18.824,21.511,20.7614,21.5432,21.5782,20.753,21.2583,21.5531,22.3983,22.3867
Mm03024199_gH,Lefty1;Lefty2,Target,26.487,25.821,25.206,25.2177,25.3769,24.972,26.562,24.8074,24.7776,24.1748,24.12,25.218,24.107,24.3773,24.3965
Mm00774547_m1,Lefty2,Target,NA,NA,NA,NA,NA,NA,NA,NA,29.9893,NA,NA,NA,NA,NA,NA
Mm03053439_g1,Lefty2,Target,NA,29.199,33.4065,31.0152,NA,NA,28.8206,31.2245,NA,NA,NA,31.4155,NA,30.9426,29.898
Mm03024313_s1,Lefty2,Target,NA,NA,NA,NA,NA,NA,29.5464,NA,NA,NA,NA,31.7746,29.7248,NA,NA
Mm00434759_m1,Lep,Target,28.265,29.4585,28.1476,28.6076,27.6875,28.585,22.6972,24.4329,25.0187,27.3695,22.449,26.3025,24.7598,23.4443,26.1793
Mm00440181_m1,Lepr,Target,26.262,24.8396,24.6202,24.6607,24.2305,24.435,23.0787,22.9373,23.7449,24.7588,23.587,23.9883,24.7721,24.534,24.7528
Mm00434762_g1,Lif,Target,26.203,24.9632,25.2184,24.3948,24.7935,24.239,25.4235,23.5033,24.2289,25.4308,23.369,24.3154,24.2909,25.3391,24.5574
Mm00442940_m1,Lifr,Target,21.714,20.4595,19.7283,20.0509,20.1293,20.042,19.6246,19.5326,19.9949,20.0439,19.603,19.8016,19.7892,19.8786,20.3284
Mm00442942_m1,Lifr,Target,21.75,20.7599,20.228,20.6309,20.5571,20.78,19.8996,19.4425,20.2753,20.2722,19.982,20.4805,19.9472,19.8995,20.6343
Mm01700366_m1,Lilrb3,Target,20.336,18.273,17.6436,17.7919,18.2483,18.57,20.8394,17.998,17.6899,17.6501,17.691,17.7573,17.5912,17.8085,17.962
Mm00474028_m1,Lrp8,Target,27.168,23.7658,23.5014,23.7683,23.7261,23.766,25.2634,23.4846,23.4304,23.1387,22.691,23.7367,22.8011,24.0122,22.8559
Mm00521826_m1,Lta4h,Target,21.247,19.2051,18.7478,18.8292,18.682,19.613,20.8382,19.2469,19.2255,18.9026,18.874,19.2374,18.9449,18.8027,18.8169
Mm00434774_g1,Ltb,Target,27.957,23.4418,23.8122,23.3219,21.3626,23.967,24.6858,22.4569,22.4639,21.8003,22.153,22.9909,23.6349,22.7038,21.8979
Mm00521839_m1,Ltb4r1,Target,28.184,25.846,25.1045,25.6239,23.8072,24.493,26.4937,24.9248,25.4142,23.7982,24.822,25.3664,24.4687,25.2787,23.6298
Mm00723631_m1,Ltbp4,Target,23.879,21.8284,21.5092,21.2383,21.3386,21.137,20.0734,19.5577,20.5205,20.7799,20.619,21.0968,20.6236,20.8279,21.1706
Mm00723639_g1,Ltbp4,Target,23.331,21.7703,21.7406,21.7442,21.7519,21.395,19.8921,19.7989,21.2225,21.2342,20.744,21.2099,21.08,21.4125,21.819
Mm00440235_m1,Ltbr,Target,22.369,20.4682,20.1884,20.2377,20.3681,20.585,21.5477,20.1231,20.2899,19.8635,19.539,20.2322,20.0476,20.6344,20.7291
Mm00434787_m1,Ltf,Target,29.168,25.1564,24.7819,25.1835,24.4678,24.659,22.7502,22.8406,25.7942,25.2451,24.702,24.9719,26.6169,25.6096,23.8326
Mm00522144_m1,Ly75,Target,23.98,22.0934,21.6945,21.6372,21.3165,22.759,25.2871,21.7668,21.5875,21.5633,20.858,21.7549,21.9531,21.3154,21.7105
Mm00440240_m1,Ly86,Target,20.782,19.305,19.1725,19.8324,18.91,19.559,21.1142,19.5732,19.2302,18.9103,18.862,19.5218,19.4187,19.3776,19.1867
Mm01217488_m1,Lyn,Target,20.354,18.7331,18.6548,18.7548,18.5979,18.643,20.5753,18.5542,18.7647,18.7806,18.021,18.6261,18.5453,18.9236,18.625
Mm00555961_m1,Malt1,Target,20.945,19.6404,19.3871,19.1698,19.4026,19.378,22.3146,19.4145,19.6406,19.4359,18.59,19.471,19.1425,19.7162,19.4933
Mm00435950_m1,Map2k3,Target,23.404,20.8334,20.2252,20.1247,20.2175,20.797,20.5112,19.4763,20.383,20.3498,19.879,19.9426,19.7365,20.4049,20.5035
Mm00803694_m1,Map2k6,Target,25.802,24.6907,25.2405,24.3573,24.5941,24.684,22.9002,23.0922,24.2119,24.3906,23.745,24.665,24.2089,24.8429,24.5042
Mm00442497_m1,Mapk14,Target,21.81,19.5715,19.3509,19.5976,19.256,19.687,19.6305,19.168,19.7382,19.2719,19.131,19.2084,19.0774,19.7711,19.706
Mm00489514_m1,Mapk8,Target,23.792,22.755,22.4072,22.0779,22.6358,21.818,22.1604,21.4996,21.8364,22.4615,21.56,22.1326,21.8024,22.1733,22.5859
Mm01288465_m1,Mapkapk2,Target,21.175,19.512,19.9717,19.7793,19.1634,19.279,19.8479,19.5337,19.7367,20.0393,18.757,19.0943,19.5095,19.8462,19.8689
Mm00434830_m1,Masp1,Target,24.807,22.8805,23.2656,23.788,23.0142,22.723,23.4306,22.8232,23.2342,22.7865,21.933,23.142,22.4046,22.7626,23.3244
Mm00521963_m1,Masp2,Target,26.24,26.5421,26.1449,25.8164,26.2183,26.064,24.8542,25.6649,25.9184,26.3921,25.652,26.6531,25.7311,25.7365,25.9987
Mm00487623_m1,Mbl2,Target,NA,NA,NA,NA,NA,NA,NA,NA,NA,NA,NA,NA,NA,NA,NA
Mm00490258_m1,Mefv,Target,25.261,24.1931,23.6599,23.1606,22.2948,22.946,25.0612,23.2409,23.6551,22.9604,21.978,23.0784,23.4093,23.7203,22.8706
Mm00449274_m1,Mgll,Target,21.487,18.7459,17.9561,18.0273,17.1881,19.487,18.7829,18.0518,18.0708,18.8653,17.779,18.3404,18.3968,17.9511,18.743
Mm01309189_m1,Mmp25,Target,27.905,24.7848,26.0376,25.6788,23.4944,25.885,26.8289,25.1536,25.5779,23.6436,23.787,25.3591,24.685,24.8871,23.5198
Mm00485148_m1,Mrc1,Target,18.832,17.8175,17.6128,17.8167,17.5008,17.34,18.8355,17.8012,17.8189,17.3773,17.403,17.7319,17.7078,18.0383,17.6961
Mm01254559_m1,Mstn,Target,28.562,26.0974,NA,28.0969,22.4587,25.846,21.7519,21.3079,22.3669,26.5155,28.53,27.6342,26.0318,27.8684,23.4871
Mm00449604_m1,Muc1,Target,28.722,26.6389,25.4256,26.1568,27.5502,25.375,24.0341,24.4173,25.4283,25.7438,25.252,25.5784,24.9025,26.3759,26.059
Mm00466886_m1,Muc4,Target,NA,NA,NA,NA,NA,NA,28.6287,28.4143,NA,NA,30.509,30.2709,NA,NA,28.4575
Mm00440338_m1,Myd88,Target,22.093,20.7327,19.7723,19.9534,20.0726,20.394,21.4316,19.6628,NA,20.2643,19.785,19.9541,19.7299,20.3032,20.6192
Mm01149710_m1,Ncam1,Target,22.385,21.8799,21.1186,21.3357,21.6385,21.651,22.953,21.4295,21.7079,21.378,21.185,21.6841,21.7661,22.2268,21.9468
Mm00447921_m1,Ncf1,Target,21.252,18.8385,18.7761,18.4768,18.5052,18.753,21.218,18.8205,18.4217,18.2034,17.816,18.282,17.9142,18.2308,18.3588
Mm00447005_m1,Ndst1,Target,23.536,21.6807,21.0301,21.1439,21.5306,20.965,22.3594,20.7598,20.8802,21.5448,20.676,20.9417,21.0739,21.1287,21.6667
Mm00546934_m1,Nfam1,Target,23.025,21.1655,20.6153,20.6218,20.4639,20.729,23.4792,20.2628,20.4863,20.575,19.714,20.4992,20.3003,20.638,20.6901
Mm01249200_m1,Nfatc3,Target,23.57,21.9536,21.7644,21.5971,21.5647,21.853,22.6494,21.5186,21.579,21.5939,21.193,21.6256,21.4632,21.7369,21.5194
Mm01323917_m1,Nfatc4,Target,26.093,24.558,23.8116,23.343,25.2505,23.804,24.5923,22.9518,23.6777,24.4182,23.499,23.7066,23.303,23.4297,24.7053
Mm00599712_m1,Nfe2l1,Target,22.717,20.0171,19.5217,19.4226,19.6213,20.525,19.7421,18.9072,19.5541,19.7453,19.577,19.6797,19.4082,19.5891,19.55
Mm00476361_m1,Nfkb1,Target,22.21,20.1041,19.8561,19.8006,19.5052,19.686,20.9748,19.4362,19.7159,19.7559,19.134,19.444,19.6176,19.7683,19.6404
Mm00555264_m1,Nfrkb,Target,24.269,22.7359,22.2451,22.1897,22.3243,22.389,23.1564,21.9353,21.9687,22.2553,21.572,22.3698,22.1459,22.1559,21.9419
Mm00458401_m1,Nfx1,Target,23.957,22.5263,21.8644,NA,22.3302,22.558,22.7642,21.4896,21.8643,21.8017,21.643,21.9882,21.7603,21.9051,21.9277
Mm01233151_m1,Nlrc4,Target,26.781,24.758,23.7767,24.4945,24.2804,24.719,26.5296,24.6041,23.8225,24.0153,23.666,24.2448,23.7091,24.0157,23.606
Mm00840904_m1,Nlrp3,Target,25.247,23.7595,23.4138,23.7694,22.6909,23.485,24.6065,23.7937,23.3081,23.6723,22.327,23.6937,23.8233,24.5446,23.1343
Mm00803857_m1,Nmi,Target,23.412,22.066,21.774,21.9563,21.6343,21.904,22.1544,21.1753,21.3019,21.8737,21.108,21.779,21.6272,21.8439,22.0834
Mm00805062_m1,Nod1,Target,24.748,22.8746,22.5484,22.4137,22.5019,22.937,22.9532,22.2752,22.3571,22.3731,21.997,22.5457,22.4705,22.3415,22.3541
Mm00467543_m1,Nod2,Target,26.165,24.595,24.0524,24.469,23.8299,24.581,25.5397,24.1436,24.5336,23.8572,23.676,25.0958,24.0889,24.7377,23.7918
Mm00443040_m1,Nodal,Target,NA,NA,NA,NA,NA,NA,NA,30.1991,NA,NA,30.149,NA,NA,NA,NA
Mm00834875_g1,Nono,Target,21.206,19.5872,19.0291,19.1082,8.216,19.346,19.8396,18.7956,18.8568,18.4248,18.47,18.9324,18.9535,18.8049,20.2597
Mm00440502_m1,Nos2,Target,26.409,24.8527,25.6596,25.7101,23.8221,24.482,25.7203,25.7403,26.2464,23.7804,24.816,25.3115,25.9975,25.6899,22.3937
Mm00479246_m1,Nox4,Target,22.8,21.634,20.8889,20.7764,21.651,20.815,22.1016,20.2776,20.7375,20.8019,20.86,20.6026,20.0196,20.6175,20.9519
Mm00433832_m1,Nr3c1,Target,21.679,20.1093,19.8426,20.2071,19.8304,20.069,20.2732,19.6486,19.7947,19.9813,19.282,19.8356,19.7309,19.8119,19.9708
Mm01243354_m1,Nup85,Target,24.575,23.2364,22.4404,22.3566,22.368,22.828,22.9462,21.8939,22.5858,22.5986,21.919,22.5601,22.1752,22.7296,22.6406
Mm00455341_m1,Oit1,Target,NA,NA,NA,NA,NA,29.917,NA,NA,NA,NA,NA,NA,NA,NA,NA
Mm00454586_m1,Olr1,Target,25.821,25.4769,24.3206,23.869,22.7649,22.763,25.4971,23.4144,23.7476,23.2263,21.944,24.1498,23.8204,24.7075,23.4509
Mm00435456_g1,Orm1,Target,22.565,20.3629,19.8984,20.0312,19.376,21.487,20.8155,21.0205,20.646,18.813,20.173,21.2248,20.2765,19.8492,18.6138
Mm01193966_m1,Osm,Target,25.736,23.7707,23.1579,22.8251,22.6519,23.366,25.6408,22.8322,22.6963,22.8086,22.67,23.2804,23.2242,23.5758,22.5454
Mm01960674_s1,Oxgr1,Target,NA,31.2248,NA,NA,NA,NA,NA,NA,NA,NA,NA,NA,NA,NA,NA
Mm00435460_m1,P2rx1,Target,NA,28.0895,NA,26.8936,27.7149,27.446,24.9538,25.6521,26.6987,NA,26.793,26.5199,26.5113,26.4467,27.9032
Mm00440578_m1,P2rx7,Target,23.328,21.587,20.7764,21.1529,20.7446,21.479,22.45,20.8538,20.7935,20.7938,20.822,21.0091,20.8336,20.8222,20.699
Mm00435471_m1,P2ry1,Target,28.277,25.8205,26.0131,26.6771,26.8692,26.559,27.0567,25.4935,25.6841,26.2044,26.103,25.7225,26.9932,25.8281,26.2022
Mm00440677_m1,Pdgfb,Target,21.402,19.746,19.1788,19.2718,19.3888,20.148,21.3679,18.7907,19.4288,19.7645,18.884,19.2105,19.5026,19.7696,19.6618
Mm00437150_m1,Pglyrp1,Target,27.152,25.8326,25.6582,25.7862,24.4625,24.406,25.8166,24.7353,24.9175,25.0402,24.386,25.2848,25.6841,25.4891,24.6169
Mm00803160_m1,Pik3r1,Target,20.82,19.5185,19.3013,19.1906,19.6701,19.185,18.7436,18.5008,19.2547,19.5584,18.445,19.1698,18.7759,19.093,19.484
Mm00478250_m1,Pla2g2d,Target,24.999,21.7624,21.3913,21.4625,19.7354,22.331,24.6424,20.2842,19.7784,19.1948,19.787,20.7836,20.4609,19.8083,19.538
Mm00478870_m1,Pla2g2e,Target,25.751,23.7521,23.0045,23.1716,23.1799,24.293,27.5321,23.2374,23.2131,22.7767,22.952,23.4313,22.8662,22.8367,22.9406
Mm01195718_m1,Pla2g4c,Target,27.288,26.7263,26.3424,27.8864,26.2499,27.493,27.1324,26.2253,25.6618,26.2027,25.629,26.7706,26.5987,27.1736,28.4
Mm00479105_m1,Pla2g7,Target,18.8,17.1288,17.0367,17.4002,16.9247,17.216,20.2824,16.8743,16.8859,17.1231,16.704,17.0629,16.9067,17.4652,17.2897
Mm00554584_m1,Plaa,Target,21.653,19.8863,19.8363,19.78,19.8165,19.988,20.7678,19.5644,19.8307,19.8178,19.37,19.8074,19.5726,20.0103,19.9179
Mm02342686_g1,Plp2,Target,18.629,16.9711,16.0316,16.2778,16.9666,16.793,19.3695,16.5983,16.705,16.5114,16.15,16.6335,15.8585,16.682,16.7379
Mm01184323_m1,Pparg,Target,22.405,21.3549,21.2114,21.0508,21.3077,NA,21.3636,21.4057,21.4392,21.9403,19.83,21.369,20.8032,19.8291,21.8589
Mm01184322_m1,Pparg,Target,22.758,20.9485,20.4608,20.6283,20.6313,21.543,20.8243,20.643,20.3535,21.1511,20.008,20.6954,20.3516,19.8113,21.244
Mm00470163_m1,Ppbp,Target,24.5,23.8766,23.7485,23.2022,22.502,22.659,22.1843,22.3496,23.1493,22.7981,21.795,23.4268,23.0215,23.4292,23.0287
Mm02342429_g1,Ppia,Target,16.75,14.9058,14.5079,14.4602,14.6369,15.611,16.0009,14.4456,14.5863,14.7282,14.888,14.4929,14.349,14.5614,14.749
Mm03024003_g1,Ppia;E030024N20Rik,Target,17.098,15.9131,15.3314,15.1497,15.6218,15.814,17.1364,15.4289,15.4441,15.7559,15.392,15.5309,15.3642,15.578,15.6252
Mm00465365_m1,Prdx5,Target,20.891,19.0956,17.9587,18.0204,18.4442,19.066,19.2281,18.6795,18.8345,18.3476,18.221,18.781,17.8667,18.418,17.8038
Mm00435905_m1,Prg2,Target,NA,28.8743,24.7362,28.8737,25.6341,27.138,27.2856,22.7461,26.2048,22.959,23.315,26.0361,22.8243,23.837,22.273
Mm00599916_m1,Prl7d1,Target,NA,NA,NA,NA,NA,NA,NA,NA,NA,NA,NA,NA,NA,NA,NA
Mm00440992_m1,Procr,Target,22.171,20.3205,19.8001,19.8166,19.8292,19.842,20.6603,19.8218,19.8327,19.5747,19.71,19.8563,19.4203,19.7234,19.3704
Mm01182451_m1,Prok2,Target,NA,NA,NA,NA,NA,NA,NA,NA,NA,NA,29.354,NA,NA,NA,NA
Mm00450080_m1,Prok2,Target,NA,NA,29.6125,NA,NA,NA,NA,NA,22.5801,NA,NA,NA,20.4916,NA,NA
Mm00478323_m1,Prtn3,Target,29.655,NA,NA,NA,27.8951,30.189,NA,31.6426,28.0202,NA,28.618,27.9406,NA,NA,NA
Mm02621061_m1,Ptafr,Target,20.008,18.2563,17.4788,17.5694,17.6586,18.173,20.6481,17.8277,17.6041,17.765,17.122,17.8046,17.8273,17.7021,17.9002
Mm00477208_m1,Pten,Target,20.309,18.5419,17.797,17.8048,18.5924,18.687,19.4822,18.1617,18.0521,17.8354,18.509,18.2117,17.7243,18.0098,17.9897
Mm00452105_m1,Ptges,Target,23.487,21.7245,21.2009,21.3624,21.3307,21.425,21.0189,20.9467,21.4456,21.2853,20.792,20.9854,20.9904,21.1294,21.2404
Mm00477214_m1,Ptgs1,Target,25.021,23.7543,23.5265,23.4355,22.737,22.851,22.8226,22.7392,22.6722,22.7642,22.83,23.1174,22.805,22.7865,22.3819
Mm00478374_m1,Ptgs2,Target,26.163,24.9578,25.0419,24.7312,24.7637,24.185,26.8704,25.5207,25.1181,24.6321,24.194,25.3976,25.2368,25.6796,24.655
Mm00436062_m1,Ptn,Target,22.811,21.4944,20.6754,20.7747,22.223,21.281,18.5311,20.0253,21.4261,22.4532,NA,20.7626,21.3895,21.6746,23.069
Mm00469153_m1,Ptpn6,Target,21.55,19.4429,18.9396,18.8051,18.7991,19.587,22.0407,18.7637,18.9176,18.9812,NA,19.3367,18.7872,19.3,19.1161
Mm01293575_m1,Ptprc,Target,20.577,18.8146,18.72,18.7573,18.699,19.164,21.6316,18.7217,18.5681,18.7516,18.5,18.7123,18.7893,18.7868,19.2017
Mm00477268_m1,Ptx3,Target,26.165,23.2754,22.3077,22.4212,23.0119,22.796,23.5394,22.7584,23.4185,24.1267,24.75,23.3896,23.1874,23.2716,22.7978
Mm00477267_g1,Ptx3,Target,25.209,23.1256,23.5872,23.9592,22.7831,22.815,23.9167,24.4047,24.6104,25.83,24.718,23.5915,24.9037,23.9974,23.9583
Mm00625468_m1,Pxdn,Target,21.866,20.5977,19.9502,19.9992,20.4911,19.757,19.7627,19.788,20.4184,20.5745,20.023,19.8162,20.0454,20.6813,20.7218
Mm00477269_m1,Pxmp2,Target,26.821,25.3919,24.4868,24.7558,24.5786,24.782,21.6195,22.7343,23.6442,24.6343,23.141,24.6004,23.6793,22.8218,23.9608
Mm00445747_g1,Pycard,Target,22.826,20.76,19.8711,20.31,19.9904,21.082,22.1253,20.292,19.9842,20.2499,20.558,20.5596,20.3411,20.5302,20.0108
Mm01201657_g1,Rac1,Target,19.504,17.977,17.5917,17.7643,17.728,17.914,18.9234,17.7865,17.7099,17.8279,17.551,17.6728,17.5374,17.7569,17.8184
Mm01227862_m1,Rbm4,Target,25.351,23.0105,23.0592,23.0681,22.7283,22.34,23.465,22.5971,23.1686,22.625,21.747,22.7029,22.8485,23.2568,23.3545
Mm00627762_m1,Rcan1,Target,22.654,20.8427,20.9231,20.7305,20.6456,20.589,22.4431,20.2935,21.0305,21.2081,19.777,20.6481,20.4259,21.2539,20.5716
Mm00441121_m1,Reg3a,Target,NA,NA,NA,NA,NA,NA,NA,NA,NA,NA,NA,31.1628,30.8004,NA,31.2507
Mm00441127_m1,Reg3g,Target,22.122,19.9659,19.5579,19.4773,19.7552,21.005,24.7722,18.7889,19.3743,20.1213,18.292,18.7067,19.4136,20.4787,21.0245
Mm00501346_m1,Rela,Target,22.75,20.8436,20.8532,20.9238,21.0349,20.604,21.9159,21.3418,20.8704,20.4445,20.32,20.6334,20.406,20.5652,20.4117
Mm00445641_m1,Retn,Target,24.724,25.8325,26.6985,24.8121,22.3987,25.745,18.1379,19.7452,20.8118,24.0165,19.764,21.6075,21.0446,18.4409,21.5406
Mm00834507_g1,Rhoa,Target,17.826,16.8243,16.3393,16.2865,16.4857,16.423,18.0063,16.129,16.2716,16.4144,15.951,16.5297,15.9785,16.4306,16.2825
Mm01228062_g1,Rhoa,Target,18.53,16.7425,16.5779,16.6588,16.5548,16.762,17.9725,16.6589,16.7872,16.6362,16.133,16.64,16.5198,16.8117,16.6039
Mm01601614_g1,Rhoa,Target,19.309,17.4184,17.126,17.3851,17.0289,17.164,18.5979,17.2252,17.1892,17.3651,16.789,17.0132,16.9933,17.2845,17.2519
Mm00446816_m1,Ripk2,Target,23.175,21.6675,21.3543,21.375,21.2671,21.457,22.8883,21.4709,21.7269,21.2631,21.054,21.699,21.4567,21.2744,21.0018
Mm01175211_m1,Ryr1,Target,26.552,25.3362,25.1369,24.3105,22.7508,24.493,18.7861,20.0789,21.786,24.7481,24.224,24.1064,24.6124,24.792,22.5993
Mm00496696_g1,S100a8,Target,25.354,23.5237,22.6309,21.8742,21.8329,22.281,24.059,21.5798,21.7177,22.1572,21.302,21.854,21.7506,22.4299,21.8407
Mm01220132_g1,S100a8,Target,23.619,21.3673,21.3747,20.9171,20.2964,20.186,22.4911,20.3576,20.5233,20.8399,19.58,20.5353,20.3818,21.471,21.2146
Mm00656925_m1,S100a9,Target,24.695,22.8915,22.7435,22.5836,21.5319,21.336,22.661,21.05,NA,22.1588,20.783,21.8043,21.7816,22.1326,22.8196
Mm00485897_m1,S100b,Target,26.603,25.0685,25.6441,25.9536,25.5492,25.245,23.4556,25.0111,25.4245,25.5006,24.701,25.1618,26.9163,24.8457,24.8493
Mm02619656_s1,S1pr1,Target,24.323,22.9167,NA,21.7893,22.0256,22.236,22.2155,21.4524,21.2823,21.8139,21.466,22.4223,21.6985,21.2458,21.8255
Mm04229896_m1,S1pr3,Target,22.435,21.7946,21.0811,21.0295,20.8347,20.851,22.4876,21.7197,21.1139,20.8929,20.839,21.3381,21.0554,21.0549,20.2643
Mm00656927_g1,Saa1,Target,NA,30.02,30.8322,30.2271,NA,30.519,28.452,27.3117,29.5137,28.8711,27.06,28.2177,29.3903,NA,NA
Mm00441203_m1,Saa3,Target,22.083,21.6254,21.3777,22.1028,21.7571,20.344,21.6949,22.0319,21.7732,20.8366,18.828,20.7448,21.4015,20.9582,22.0359
Mm00468033_g1,Scgb3a1,Target,NA,NA,NA,29.4971,NA,NA,NA,NA,NA,NA,NA,NA,NA,NA,28.2507
Mm00450762_s1,Scn9a,Target,29.267,30.6338,29.5847,NA,28.9385,29.142,30.6343,NA,NA,NA,NA,NA,NA,NA,NA
Mm00491651_m1,Scube1,Target,30.62,28.9563,28.0723,29.1938,28.8461,28.369,26.9356,28.7624,27.802,28.9148,28.578,28.4633,30.3513,30.4356,29.8355
Mm00489742_m1,Sdcbp,Target,18.407,16.8847,16.3101,16.7331,16.3572,17.171,18.8899,16.5996,16.619,16.6397,16.334,16.5909,16.4335,16.8282,16.778
Mm00459026_m1,Sectm1b,Target,NA,30.6407,29.4799,NA,NA,30.52,29.761,30.0601,29.2275,NA,27.828,NA,NA,30.5247,30.4677
Mm00441278_m1,Sele,Target,28.887,28.1599,27.922,29.133,25.8103,26.741,24.8425,24.6372,25.5873,27.4067,24.72,26.5636,25.6817,25.027,27.463
Mm00441295_m1,Selp,Target,26.35,25.5396,25.0914,24.8379,24.1362,23.675,22.9782,23.0609,23.7561,24.8082,23.399,24.2602,23.6621,24.1973,24.7521
Mm02748447_g1,Serpina1a,Target,NA,NA,NA,NA,NA,NA,NA,15.8398,NA,27.853,25.485,NA,26.4526,26.0198,27.3871
Mm00434669_m1,Serpina3c,Target,25.614,26.6107,27.0774,25.3515,24.4431,24.131,22.3216,23.5824,25.0455,24.2652,22.666,24.75,23.3984,23.2478,25.2006
Mm00435868_m1,Serpinf2,Target,NA,30.4447,28.8408,28.586,30.4961,30.292,NA,NA,29.538,29.2844,NA,NA,30.8397,30.8862,30.5989
Mm00437834_m1,Serping1,Target,17.941,16.9517,16.8324,16.9455,16.839,16.8,17.4331,16.2828,16.6859,16.5281,16.452,16.7896,16.5612,16.7103,16.7991
Mm00499170_m1,Sftpa1,Target,NA,NA,NA,NA,NA,NA,NA,NA,NA,NA,NA,NA,NA,30.3038,NA
Mm00517020_m1,Sh2b2,Target,24.179,21.9291,21.5334,21.625,21.106,22.041,22.5513,21.1433,21.5455,21.3792,20.835,21.6799,21.1474,21.212,20.782
Mm00488332_m1,Siglec1,Target,22.714,21.2958,21.2215,21.7539,20.7422,21.444,22.7496,21.4821,21.2968,20.8211,20.164,21.3408,20.7652,21.4187,21.4987
Mm00834449_g1,Siva1,Target,24.351,22.3521,21.719,21.6759,21.5289,22.283,22.7449,21.4284,21.5763,21.6725,21.362,21.741,21.7033,21.7111,21.6056
Mm00453126_m1,Slco1a4,Target,NA,NA,NA,NA,NA,NA,30.9698,NA,NA,NA,29.042,NA,NA,NA,NA
Mm00445117_m1,Slurp1,Target,NA,27.9761,28.6527,26.0705,29.1285,26.467,30.2101,26.9654,26.8021,28.9084,27.259,28.7635,27.3785,26.7535,27.8249
Mm00782550_s1,Socs1,Target,25.607,22.8727,23.1814,23.5078,21.986,22.985,23.8002,22.5362,22.8254,22.5617,21.81,22.9352,23.0694,23.5879,22.7091
Mm00850544_g1,Socs2,Target,22.857,22.6045,21.7562,21.8016,21.4934,20.937,21.3379,20.8926,21.5135,21.6438,20.64,21.8887,21.1035,21.1189,21.3667
Mm01344232_g1,Sod1,Target,21.083,19.5782,18.3893,18.7564,18.7487,19.567,17.9745,17.9205,18.725,18.8012,18.412,18.7433,18.2982,18.3176,18.8153
Mm01700393_g1,Sod1,Target,20.214,18.7475,18.0987,18.1225,18.1744,18.641,17.5152,17.6598,17.9068,18.1576,17.594,18.2359,17.7687,17.6877,18.1852
Mm00436767_m1,Spp1,Target,14.101,12.7986,13.0121,12.6167,13.1403,13.286,18.1178,13.1552,13.7635,13.7048,12.71,13.4686,13.045,13.8326,13.4035
Mm00473782_m1,Spred1,Target,20.271,18.4966,18.0596,18.0811,18.5924,18.404,20.1068,17.6548,18.2515,18.5311,18.158,18.2064,17.8248,18.769,18.8128
Mm00835803_g1,Spred2,Target,24.877,23.4695,23.1756,22.639,23.3109,22.642,23.739,22.5163,22.7839,22.8792,21.801,22.5108,22.4507,22.7727,22.8343
Mm00460390_m1,Stab1,Target,21.051,19.1623,18.5371,18.8235,18.8906,19.118,19.7845,19.0322,18.8731,18.6699,18.806,18.7659,18.8285,18.8893,19.0276
Mm00439531_m1,Stat1,Target,21.51,19.5215,20.0129,20.4013,19.5685,20.199,20.7645,19.7018,20.0789,19.7422,19.129,20.3162,19.7749,19.786,20.0321
Mm01219775_m1,Stat3,Target,21.83,20.0445,19.9082,20.0651,19.1539,19.831,20.5781,19.7517,20.087,19.7684,19.303,19.765,19.7658,20.0181,19.6745
Mm00448890_m1,Stat4,Target,26.33,23.8368,24.5396,23.5976,22.3979,22.801,24.9456,23.1424,23.1085,23.5189,22.803,23.7205,23.7226,23.9412,22.8248
Mm00839889_m1,Stat5b,Target,24.375,22.2692,21.6089,21.7688,21.3925,22.314,20.9816,20.8781,21.5524,21.5316,21.408,21.7239,21.5795,21.6697,21.627
Mm01160477_m1,Stat6,Target,21.725,19.9217,19.6,19.7272,19.6423,19.857,21.2822,19.5775,19.8251,19.5644,19.308,19.782,19.4699,19.754,19.703
Mm00436892_m1,Tacr1,Target,28.593,25.8604,24.9407,25.7841,24.8153,24.78,25.5757,24.0598,24.9747,25.2932,23.958,24.789,24.8498,26.1982,25.0921
Mm01178820_m1,Tgfb1,Target,20.516,18.9869,18.665,18.682,18.4695,19.11,21.2142,18.614,18.541,18.6535,17.887,18.6095,18.5009,18.8633,18.7966
Mm00436955_m1,Tgfb2,Target,23.829,22.731,22.4279,22.3651,22.9554,22.214,22.7694,22.1126,22.5793,23.5002,22.246,21.9242,21.8116,22.8354,23.3635
Mm00436964_m1,Tgfbr1,Target,21.924,19.5065,19.2998,19.3726,18.7794,19.71,21.6495,18.6857,19.3655,19.4046,18.686,18.8589,18.8441,19.4607,19.2565
Mm03024015_m1,Tgfbr1,Target,20.717,18.7739,18.0758,17.8722,18.2473,18.78,20.7928,17.5133,17.839,17.9158,17.74,18.0934,17.7383,18.2732,18.0564
Mm00436987_m1,Tgm2,Target,21.357,18.9295,18.7856,18.4629,18.1684,18.955,19.2598,18.03,18.7683,18.8495,18.11,18.5422,18.5103,18.7966,18.7209
Mm00437040_m1,Thpo,Target,29.989,27.6722,27.6016,28.6331,27.603,27.088,24.6636,25.5532,26.8566,29.3636,26.861,27.7578,26.3815,26.3841,27.1819
Mm00508510_m1,Timm50,Target,23.493,21.5768,21.1295,21.532,21.0523,21.681,21.2071,21.1395,21.4522,21.6092,20.765,21.2325,21.0123,21.5286,21.6434
Mm00446502_m1,Tirap,Target,24.767,22.7995,22.5837,22.3518,22.6054,22.405,22.6468,21.2748,22.5056,22.0152,21.989,22.2478,21.9677,22.5308,22.6085
Mm00446095_m1,Tlr1,Target,23.172,22.5944,21.8362,21.7718,21.7785,21.773,23.8108,21.7554,21.5874,22.0461,21.19,21.9123,22.2919,21.9431,22.7635
Mm01208874_m1,Tlr1,Target,24.744,24.0229,23.0749,24.2634,24.0251,23.617,25.9457,23.9023,23.2366,24.1312,22.684,23.9673,23.8039,23.836,24.5875
Mm00441868_s1,Tlr1;Tlr6,Target,22.271,20.262,19.5739,19.9597,19.8218,20.435,21.904,19.78,19.5648,19.753,19.314,19.9587,19.826,19.7036,19.8042
Mm01701924_s1,Tlr11,Target,27.959,27.7096,27.4374,27.4293,28.7277,27.236,28.5983,26.6447,26.3353,27.2543,26.54,28.4123,27.4633,27.3257,26.8167
Mm01180204_s1,Tlr12,Target,29.023,31.8466,NA,NA,29.1012,31.206,29.7071,28.0608,28.9434,28.9595,28.951,31.7658,30.7772,NA,31.8266
Mm01233819_m1,Tlr13,Target,20.408,18.1138,18.6087,18.5627,18.7631,18.755,21.8047,19.0909,18.6959,18.5042,18.312,18.6935,18.5635,18.7187,18.7817
Mm00442346_m1,Tlr2,Target,23.261,21.2695,21.4028,21.0346,20.7976,21.109,23.4719,20.7552,21.0483,20.9582,20.464,21.0212,20.7826,21.253,20.9084
Mm00628112_m1,Tlr3,Target,23.353,22.5112,21.7581,21.7829,5.8408,21.84,22.9708,21.6774,21.559,21.5099,21.089,22.1179,21.6101,21.778,21.4819
Mm00445273_m1,Tlr4,Target,21.796,19.5858,19.2454,19.428,19.3516,20.042,20.9736,18.9141,19.4486,19.0689,19.579,19.2638,18.9015,19.2018,18.8216
Mm00546288_s1,Tlr5,Target,24.286,22.9195,22.7532,22.9015,23.298,22.266,22.7867,22.7349,23.6685,22.6774,22.65,22.8348,22.4386,22.921,23.2086
Mm02529782_s1,Tlr6,Target,24.644,22.8049,22.4391,22.7609,22.7167,23.51,24.7475,22.584,22.5316,22.774,21.84,22.7562,22.6395,22.8255,22.5782
Mm00446590_m1,Tlr7,Target,21.631,20.5028,19.8616,19.9453,20.1982,19.935,22.1418,20.283,20.085,19.8049,19.601,19.8992,19.7905,19.8431,19.7424
Mm00446193_m1,Tlr9,Target,25.113,23.3339,22.3929,23.198,22.7036,23.098,24.5045,22.7125,22.7768,22.6703,21.974,23.0048,23.1636,22.6359,22.7654
Mm00495662_m1,Tnc,Target,20.386,19.2365,18.6852,18.6967,9.2962,17.786,18.1726,18.8183,19.3025,19.4071,18.782,18.7713,19.0413,20.0104,19.4431
Mm00443258_m1,Tnf,Target,24.169,NA,22.3627,22.0352,NA,22.506,NA,22.354,22.3251,22.3805,22.168,NA,22.2871,22.8334,22.4985
Mm00437121_m1,Tnfaip3,Target,23.114,21.4308,21.0038,20.9664,20.6358,21.172,23.6251,20.9881,21.1341,20.8096,20.231,20.8407,20.7544,21.2276,20.6312
Mm00493736_m1,Tnfaip6,Target,23.513,21.7687,21.7517,21.0235,20.9365,20.461,21.7978,21.5651,21.8333,21.789,20.812,21.2327,20.7139,22.3864,21.5284
Mm01205928_m1,Tnfrsf11b,Target,24.192,22.8008,22.5079,22.5185,21.744,21.961,25.1169,22.5418,23.2576,22.6424,22.88,22.8009,22.5745,23.2641,22.2775
Mm00619239_m1,Tnfrsf14,Target,23.726,21.2725,20.8676,21.3432,20.8149,21.64,22.5962,20.7764,20.9374,20.7424,20.658,21.0576,20.9508,21.1685,21.0662
Mm00437136_m1,Tnfrsf18,Target,29.147,25.1535,25.2861,25.4323,23.6086,25.406,26.7817,24.4059,24.3297,23.7702,23.893,24.831,25.4651,25.4015,23.5527
Mm00443506_m1,Tnfrsf19,Target,NA,NA,28.6177,NA,NA,28.778,NA,25.6349,25.9576,31.4438,27.409,NA,NA,NA,27.1137
Mm00441875_m1,Tnfrsf1a,Target,21.788,19.8049,19.6394,19.7157,19.3699,19.732,20.5194,19.2198,19.5074,19.4487,18.832,19.5943,19.2602,19.9101,19.3691
Mm01182929_m1,Tnfrsf1a,Target,21.003,19.2486,18.7993,18.9839,18.9295,19.286,20.1503,18.7376,19.1286,19.1324,18.724,18.8593,18.8275,19.2303,19.2442
Mm00441889_m1,Tnfrsf1b,Target,21.563,19.3185,18.5144,18.8005,18.5233,19.492,21.6161,18.8204,18.7948,18.6477,18.488,19.2278,18.8746,18.832,18.711
Mm01263821_m1,Tnfrsf25,Target,NA,NA,NA,29.7951,29.7385,29.596,NA,28.7958,28.9282,27.0839,28.115,NA,27.5207,27.4958,27.8675
Mm00442039_m1,Tnfrsf4,Target,26.774,23.7717,24.5482,24.7764,22.5585,23.429,25.6088,23.722,23.7204,22.7326,23.215,23.4591,23.8899,23.6791,22.8739
Mm00437140_m1,Tnfrsf8,Target,NA,34.9116,NA,NA,31.9015,34.946,37.7803,38.6208,38.0487,32.2329,32.61,NA,34.9145,32.9278,34.559
Mm00441899_m1,Tnfrsf9,Target,24.731,24.2835,24.4894,24.1444,22.7459,24.078,27.3271,23.4675,23.8086,22.236,22.803,23.7456,23.5294,24.3091,22.5384
Mm01283606_m1,Tnfsf10,Target,25.781,23.805,23.7482,23.9179,23.0697,23.667,22.7384,22.1096,23.1351,23.2771,22.707,23.4759,23.2445,22.899,23.4034
Mm00441906_m1,Tnfsf11,Target,24.644,22.2218,22.9511,22.2617,22.2806,21.941,26.8186,20.9357,22.7143,23.5602,21.268,22.4486,22.3927,23.2963,23.7651
Mm00839900_m1,Tnfsf12;Tnfsf12-tnfsf13,Target,21.117,18.7349,18.3705,18.2061,18.5107,19.286,21.0768,18.739,18.3265,18.7137,18.587,18.5614,18.6315,18.6689,18.6885
Mm00840215_g1,Tnfsf13;Tnfsf12-tnfsf13,Target,22.382,20.5423,19.9738,19.4508,19.8337,20.896,23.0821,20.363,19.7958,19.9395,19.421,20.1602,19.823,20.2957,19.8303
Mm00446347_m1,Tnfsf13b,Target,23.825,22.8137,22.3395,22.5442,22.6318,23.19,23.2303,22.1836,21.8355,21.5688,21.914,22.4209,21.907,22.3295,21.7581
Mm00444567_m1,Tnfsf14,Target,29.953,28.0764,27.8581,25.9068,26.2069,26.939,28.5436,26.2471,26.8562,26.4043,25.427,26.9869,26.2842,27.4675,26.5175
Mm00770031_m1,Tnfsf15,Target,NA,29.9631,27.9342,28.4192,27.7578,28.525,29.5225,27.7051,29.1361,27.2013,26.972,27.8028,28.8803,28.3763,28.5495
Mm00839222_m1,Tnfsf18,Target,28.354,24.9531,25.1603,25.4912,25.437,24.956,25.8296,24.1707,24.7461,25.4338,25.508,25.2027,24.7501,25.6581,26.7717
Mm00437214_m1,Tnfsf4,Target,27.688,27.9357,26.9632,26.5554,24.667,26.08,28.3573,26.0732,26.1512,25.6051,25.915,27.7386,26.2173,27.4388,25.9831
Mm00437153_m1,Tnfsf8,Target,24.858,22.7919,23.7482,22.5678,23.2632,23.46,25.843,21.6981,23.7215,24.0472,23.128,23.6546,22.3264,24.4765,23.333
Mm00437155_m1,Tnfsf9,Target,24.973,23.6503,25.0217,24.5267,23.3928,23.545,26.0613,25.7793,25.5407,24.2622,23.614,23.9099,24.8038,25.5592,23.0368
Mm00445841_m1,Tollip,Target,21.701,19.678,18.9576,18.7616,19.438,19.694,20.8456,19.0512,19.1203,18.946,18.918,19.4755,18.8383,19.1072,18.9607
Mm00496931_m1,Tpst1,Target,23.624,21.7828,21.2363,21.5415,21.7767,22.447,21.5172,21.316,21.1035,21.5628,21.518,21.3552,21.2226,21.4819,21.6909
Mm00451738_m1,Trem1,Target,29.221,25.4287,25.2879,25.2778,23.6691,24.421,25.7069,25.7675,24.5787,24.1965,23.307,24.5308,24.6304,25.0326,23.6781
Mm00446708_m1,Trf,Target,21.628,19.8811,19.3266,19.4638,18.6032,20.427,17.5871,18.444,18.5936,18.7705,18.34,19.2253,18.8896,18.4769,19.0622
Mm00600041_m1,Trip6,Target,24.266,22.8285,22.6288,22.0519,22.8056,22.101,22.693,21.9818,22.2107,22.4196,21.671,22.0441,21.7976,22.2813,22.5983
Mm01731287_m1,Trp53,Target,23.702,22.3032,21.4432,21.6499,21.4336,21.225,22.6954,20.9458,21.539,21.5893,20.98,21.5508,21.4257,21.6263,21.8722
Mm01246302_m1,Trpv1,Target,29.618,31.1532,NA,31.3871,NA,NA,26.9541,26.8129,27.2873,NA,27.263,29.8484,27.6125,27.3141,28.9229
Mm00498739_m1,Tslp,Target,24.667,23.8937,24.1513,24.2888,24.0204,24.59,24.5044,23.4353,24.2328,24.1681,23.647,24.0754,NA,24.4014,25.4945
Mm00442036_m1,Twist1,Target,22.855,21.2693,20.3246,20.7698,20.9358,21.059,21.5174,20.2147,20.6629,20.7976,20.798,20.7174,20.3314,20.7763,21.2869
Mm01185793_m1,Txlna,Target,22.702,21.0831,20.2613,20.3859,20.5755,20.742,21.6053,20.2282,20.5444,20.6291,20.196,20.5293,20.088,20.681,20.6022
Mm01252606_m1,Unc13d,Target,25.459,23.2286,23.1299,22.8965,22.9677,23.135,25.8391,22.1871,23.0465,23.1269,22.815,23.5449,23.1025,23.5875,23.0138
Mm01281449_m1,Vegfa,Target,23.003,21.8058,21.2449,21.1646,21.3908,21.005,19.7783,20.584,21.826,20.776,21.274,22.4211,20.8706,20.1843,19.8464
Mm00442102_m1,Vegfb,Target,23.11,21.5081,19.3507,21.1962,21.5684,21.557,20.3387,20.6305,21.2307,21.7872,20.862,21.5142,21.1821,21.3402,21.7474
Mm00437310_m1,Vegfc,Target,24.383,23.1388,22.587,22.7183,22.1717,22.462,23.9936,22.0927,22.6908,22.9691,22.081,22.6848,22.8222,23.1194,22.9246
Mm00660234_m1,Vip,Target,NA,NA,30.4643,NA,NA,NA,NA,30.1051,NA,NA,NA,NA,NA,NA,29.2906
Mm00496940_m1,Vps45,Target,23.742,21.7597,21.3085,21.2972,21.4302,21.923,22.4799,21.2565,NA,21.7343,21.204,21.4755,21.2225,21.6861,21.5977
Mm00446420_m1,Wnt16,Target,25.732,24.5753,23.7852,23.7276,25.6538,23.726,24.373,23.8192,24.2817,24.6248,25.437,23.9304,23.4923,23.8005,26.3241
Mm00434772_m1,Xcl1,Target,23.973,22.5749,21.8406,22.1827,21.7216,23.519,26.105,21.7473,21.7289,22.1996,22.042,22.6381,22.4535,22.6195,22.111
Mm00442206_s1,Xcr1,Target,25.74,24.3345,23.518,23.8613,23.8402,23.858,25.7032,22.7778,23.2365,23.6942,22.819,24.6539,23.2468,23.5018,23.478
Mm00457144_m1,Zfp36,Target,20.916,19.6849,18.8149,19.223,18.7949,19.067,19.6898,18.7767,18.7867,19.0554,17.912,19.1545,18.7989,19.2155,19.1914
